Date;Rice;Loaf of white bread;Loaf of brown bread;Sweet biscuits;Savoury biscuits;Bread rolls;Rusks;Spaghetti;acaroni;Pasta (excl spaghetti, acaroni);Instant noodles (e.g. 2 inute noodles);Cake or tart;Frozen pastry products (pizza or pies);Cake flour;Bread flour;Cereals;Super aize;Special aize;Hot cereals (porridge) incl instant porridge;Ready-ix flour;Beef ince;Beef offal;Beef steak;Stewing beef/brisket/chuck;Pork - cobined;Lab/utton - cobined;Whole chicken - fresh;Chicken portions - fresh;IQF chicken portions;Chicken portions frozen - non IQF;Chicken giblets (neck, gizzards, hearts, etc);Polony;Ha;Biltong;Bacon;Sausage;Beef extract;Corned beef;Hake - frozen;Fish fingers - frozen;Tuna - tinned;Fish (excl tuna) - tinned;Full crea ilk - fresh;Full crea ilk - long life;Low fat ilk - fresh;Low fat ilk - long life;Powdered ilk;Whiteners;Condensed ilk;Plain yogurt;Flavoured yogurt;Cheddar cheese;Gouda cheese;Cheese spread;Feta cheese;Crea - fresh;Sour ilk;Custard - prepared;aize based food drink (e.g. ageu );Flavoured ilk;Eggs;argarine spread (in a tub);Brick argarine;Peanut butter;Sunflower oil (incl canola oil);Bananas;Apples;Seasonal fruit;Peanuts;Lettuce;Spinach/orogo;Cabbage;Cauliflower;Broccoli;Toatoes;Pupkin;Green/red/yellow pepper;Vegetables  - frozen;Cucuber;Onions;Carrots;Beetroot;ushroos;Beans - dried;Baked beans - tinned;Prepared salads;Atchar;ixed vegetables - tinned;Potatoes;Sweet potatoes;Potato chips - frozen;Potato crisps;Corn chips;White sugar;Brown sugar;Chocolate slab;Chocolate bar;Sweets;Chewing gu;Ice crea;Vinegar;Chutney;Toato sauce;ayonnaise;Salad dressing;Salt;Spices (excl salt and curry powder);Curry powder;Baby food - cereal;Baby food - ilk forula;Instant yeast;Baking powder;Soup powder;Instant coffee;Ground coffee or coffee beans;Ceylon/black tea;Rooibos tea;Drinking chocolate (e.g.  ilo, cocoa );ineral water - sparkling or still;Fizzy drinks - can;Fizzy drinks - bottle;Other soft drinks (e.g. energy drinks and iced tea);Fruit juice;Fruit juice concentrates;Brandy;Whiskey;Liqueur;Vodka;Red wine;White wine;Spirit coolers or cider;Beer;Cigarettes;Tobacco;Clothing  for en;Clothing for woen;Clothing for children;Footwear for en;Footwear for woen;Footwear for children;Actual rentals paid by tenants;Actual rentals - Houses;Actual rentals - Flats;Actual rentals - Townhouses;Iputed rentals of owner-occupiers;Owners' equivalent rent - Houses;Owners' equivalent rent - Flats;Owners' equivalent rent - Townhouses;aterials for the aintenance and repair of the dwelling;Services for aintenance and repair of the dwelling;Water supply;Other services relating to the dwelling n.e.c.;Electricity;Liquid fuels;Furniture and furnishings;Household textiles;Refrigerators, freezers and fridge-freezers;Large electrical appliances;Cookers;Sall electrical household appliances;Glass and crystalware, tableware;Cutlery, flatware and silverware;Kitchen and doestic utensils;ajor tools and equipent;Sall tools and iscellaneous accessories;Cleaning and aintenance products;Doestic services;Pharaceutical products;edical services;Dental services;Hospital services;Purchase of new otor-cars;Purchase of second-hand otor-cars;Spare parts and accessories;Fuels and lubricants;Petrol;Diesel;aintenance and repair;Other services in respect of personal transport equipent;Passenger transport by railway;Passenger transport by road;Passenger transport by air;Postal services;Telephone equipent;Telephone services;Television sets and DVD players;Photographic and cineatographic equipent;Inforation processing equipent (e.g. laptops and tablets);Recording edia for pictures and sound;usical instruents;Gaes, toys and hobbies;Outdoor recreation ites;Gardens, plants and flowers;Pets and related products;Recreational and sporting services;Cineas, theatres, concerts;Television licence and subscription;Gaes of chance;Books;Newspapers and periodicals;Stationery and drawing aterials;Holiday packages;Pre-priary and priary education;Secondary education;Tertiary education;Restaurant eals;Accoodation services;Other appliances, articles and products for personal care;Jewellery, clocks and watches;Travel goods;Other personal effects;Crèches, nurseries;Insurance connected with the dwelling;Insurance connected with health;Insurance connected with transport;Other insurance;Financial services n.e.c.;Other services n.e.c.
2017/01/31;92,2;86,8;82,8;68,8;78,9;75,2;86,2;103,9;90,5;83,5;71,3;80;82;88,4;103,9;82,4;118,4;126;84,4;83,2;73,6;51,8;73,6;70;89,1;74,7;76,4;79,5;75,2;72,5;75;78,8;80,7;78,7;87,2;75,1;87,5;83;80,2;72,7;78,5;79,8;83,6;87,5;93,2;83,9;93,7;76;94,3;84,4;82;80,7;79,5;74,4;80,3;70;77,8;109;71,7;72,4;83;82,9;88,8;76,2;69,2;89,3;91,7;97,8;73,5;81,3;91,9;70,2;71;62,4;82;85,6;86,5;94,9;78;77,4;93,6;86,8;78,6;77,3;79,3;74,8;84,8;67,3;92,5;102,8;90,5;80,3;74,1;74,7;91,1;89,1;81,1;72,6;87,1;100,4;89,1;79,3;76,1;75,5;85,3;66,9;103,5;95,6;95,3;88,5;70,3;83,3;85,4;91,5;89,2;77,4;81,5;87,5;79,3;70,7;76,4;90,7;83,6;98,5;78,2;81,9;85,7;81,6;72,9;68,2;73,4;82,1;80,9;75,7;89,8;94,5;92,2;94,5;95,3;93;86,7;87,5;86,1;85;87,6;87,8;87,1;86,1;82,5;90,5;61,3;77,1;67;84,5;116,2;104;112,2;103,2;87;97;90,4;107,4;95,1;105,9;90,8;92,5;81,7;82,1;77,3;77,7;80,9;82,7;92,6;79;65,5;65,5;65,7;83,5;87,4;91,7;74,1;108,5;92;171,8;97,9;123,2;121,4;126;93,5;99,2;128;84,4;81,7;79,7;85,8;72,8;90,9;102,7;98,1;72,1;70,5;114,3;73,2;72,2;76,5;81,2;103;94;119,2;99,3;121,4;75,1;93,9;66,2;100,8;95;79,5;82,9
2017/02/28;91,5;86,6;82,5;69,4;81,5;75,4;87;101,7;90,5;81,8;72,7;80;79,4;88,4;103,1;81,4;119;126,2;83,2;82,7;76,8;51,9;75,7;72,7;90,5;75,7;76,7;78,8;75,8;73,9;75;78,1;81,7;80,4;87,6;76,7;89,6;81,6;81,4;73;78,3;79,3;83,9;86,9;92,1;82,6;91,4;75,6;95;84,2;81,5;81,2;80,4;74,8;80,3;70,1;77,6;108,3;73,2;71;82,4;82,5;86,8;77,7;68,9;88,6;94,3;98,8;73,7;83,2;94,6;74,3;81,6;67,3;93,6;80,8;82,4;94,9;81,3;76,3;96,6;83,4;78,6;77,9;79,6;73,3;85;66,2;91,7;113,6;88,9;80,8;74,6;74,6;90,8;88,7;79,7;72,8;88,4;99,9;85,9;79,8;75,5;74,1;84,2;67,4;105,2;95,8;94,4;88,2;71;84,4;85,4;91,9;89,9;79,3;84,4;88;80,8;72,8;77,4;91,3;84,5;97,1;78,4;81,7;85,8;81,4;73,4;68,1;73,3;81,4;81;76,6;90,2;94,7;92,5;94,7;95,2;93,2;86,7;87,5;86,1;85;87,6;87,8;87,1;86,1;83,3;90,5;61,3;77,1;67;85,3;113,8;103,8;111,8;102,3;85,9;95,8;90,1;107,3;94,7;104,8;91;92,3;81,7;82;82,3;82,6;84,7;83;93;79;66,8;66,9;66,6;84;87,4;91,7;74,6;107,7;92;171,5;97,9;122,7;120,8;125,3;103,8;97,9;127,6;85,8;82,7;79,9;86;72,8;90,9;102,7;94,4;72,3;75,7;116,3;73,2;72,2;76,5;81,4;105,8;94,2;119,8;100,3;120,4;75,1;93,9;72,7;100,8;95;79,5;82,9
2017/03/31;91,5;86,7;82;70,2;83;75,4;87,4;101,2;89,9;83,9;73,1;80,3;79,5;86,9;101,1;82,7;116,4;121,1;83,8;83;78,2;53,1;77,1;74,7;90,3;75,7;77,4;79;76,3;75,4;76,5;79,7;83,1;81,9;87,5;77,9;89,6;82,1;80,9;73,7;80,8;80;84,1;86,2;92,7;82,5;93,8;75,8;90,8;84,9;82;80,2;80,5;76;79,9;70,6;78,6;107,7;72,1;72,2;82,9;82,8;87,5;78,1;67,5;89,4;93,3;102,4;74,2;84,9;93;78,5;82,2;67,6;91,8;76,3;82;96,1;83,4;76,7;102,1;93,1;78,8;78,5;79,6;73,1;84,1;65,3;90,5;104;89,9;80,9;75,1;77,7;92;86,6;81;74,2;87,7;100,5;87,5;80,1;74,9;74,7;85,3;67,9;105,8;95,8;94,6;88,1;71,7;83,8;84,7;92,4;90,9;78,3;86,2;88,3;81,1;73,6;77;92,1;85,3;100,2;79,9;81,8;86,4;81,7;74,1;69;76,9;81,9;83;74,4;90,8;94,8;92,7;94,8;95,3;93,4;87,8;88,5;87,1;86,1;88,5;88,8;88;87,1;83,6;90,5;61,3;77,8;67;85,9;113,8;103,9;112,3;102,3;86,3;95,7;89,2;107;93,4;105,5;91,2;92,8;82,4;83,7;82,3;82,6;84,7;83;93,4;78,8;66,6;66,5;66,8;84,1;88,5;91,7;73,4;110,2;92;168,2;97,4;122,2;121,2;124,8;103,4;98,3;128,4;85;81,7;78,8;86;72,8;90,9;102,7;100,2;72,3;78,9;115,8;78,9;77,5;81,3;81,5;106;95,1;119,4;99,4;118,7;80,7;93,9;72,7;97,7;95;79,8;82,9
2017/04/30;89,8;87,2;82,3;71,5;81,9;75,7;85,9;99,9;88,4;80,9;73,7;81,1;78,9;85,6;101,5;81,6;112,9;116,5;84,1;82,6;78,4;54,8;78,5;77,5;90,5;75,8;78,4;79,8;77,1;75;78,5;80,1;81,5;82,9;86,3;78,3;88,7;80,9;83;75,7;79,5;79,4;83;86,2;92,8;81;91,9;75,7;91,9;84,4;81,8;80;79,7;77,3;78;70,4;77,5;106,8;71,1;68,7;83,8;81,8;86,1;76,4;66,2;96,6;90,5;99;74,4;87,3;98,4;84,7;87,3;71,8;89,9;73,9;84,2;94,4;85,4;78,7;105,5;108,4;79,8;78,9;79,1;79,2;85,4;65,1;89;90,9;90,4;80,4;74,9;79,2;95,7;88,3;79,1;74,8;88;97,2;87;77,5;72,9;73,6;82,8;68,1;99,8;95,7;94;87,6;71,1;82,1;83;92,5;88,4;80,3;86,8;88,2;80,9;73,8;76,7;92,1;84,8;100;79,9;80,9;86,5;81,8;74,9;69,4;76,9;82,4;84,3;75,9;90,8;95;92,8;94,8;95,3;93,5;87,8;88,5;87,1;86,1;88,5;88,8;88;87,1;84,1;90,5;61,3;77,8;67;84,9;114;103,6;111,4;101,9;85,3;95,9;87,4;105,8;94,1;106,1;91,8;91,9;82,4;84,9;82,3;82,6;84,7;83,1;93,8;79,6;65,7;65,3;66,4;85,3;89,1;91,7;73,5;109,9;94;167,8;97,4;120,7;121,2;123,9;109,3;103,3;127,2;85,8;82,3;79,9;86;72,8;92,4;102,7;94;72,8;79,9;113,7;78,9;77,5;81,3;81,8;104,8;94,8;119,5;99,4;118,5;80,7;93,9;73;97,7;95;79,8;85,1
2017/05/31;89,1;86,5;82,7;75,5;86;76,1;82,2;96,5;86,8;84,3;75,5;81,9;80,7;85,7;100,9;82,7;108;118,8;84,4;82,8;80;55,3;80,3;80;90,3;75,3;76,1;80,2;77,3;76,8;78,8;80,9;81,9;85,8;87,2;80,2;88,2;80,1;82,9;77,2;79,9;78,3;83,7;87,8;92,6;82,8;92,5;75,7;92,8;85,5;82,8;82,4;81,2;80;79,9;71,5;79,6;111,4;73,6;73,6;83,3;83,3;86,6;76,4;65,6;95,4;86,9;92,3;74,6;84,6;97,2;84,3;83,2;68,3;90,2;74,1;83,9;95;85,8;78;114,3;110,4;80,2;77,3;80,4;80,8;83,8;66,6;86,1;85,2;91,8;83,1;76,8;79,7;96,8;88,3;80;76;87,5;101,3;87,6;81,3;77;74,5;86,5;70,5;103;95;94,3;87,6;73,8;83,5;82,9;91,7;87,2;79,4;87,2;87,6;81,7;74;77;92;86;101,2;80,5;81;87;82,2;75,1;69,9;77,7;82,3;84,7;76;90,9;95,1;92,9;95,1;95,4;93,7;87,8;88,5;87,1;86,1;88,5;88,8;88;87,1;84,1;91,7;61,3;77,8;67;85;114,2;103,6;110,2;100,9;85,9;96,1;87,4;107,2;95,5;106,5;94,2;92,5;82,4;85,4;82,3;82,6;85,1;83,2;94,2;79,7;67,8;67,8;67,8;85,8;89,2;91,7;73,8;108,8;94;165,7;97,4;119,6;117,8;123,4;102,1;99,3;127,5;85,7;83,7;79,1;86;72,8;92,4;102,7;98,4;72,8;81,3;113,5;78,9;77,5;81,3;82,6;101;94,8;119,2;98,6;118,6;80,7;93,9;73;97,7;95;79,8;85,1
2017/06/30;90,4;86,7;82,9;75,3;86,2;76,6;77,3;100,7;88,7;85,7;76,2;81,9;83;86,9;101,9;83,8;104,2;116,8;84,9;82,5;80,3;57,6;80,1;80;90,9;76;77,6;81,2;77,6;75,9;81,4;80,7;81,3;87,2;86,9;81;91,3;80,1;81,9;75,7;77,8;78,5;83,9;87,6;93,2;83,1;91,4;76,1;91,9;87,1;83,2;83,5;83;82,5;81,7;71,5;79,6;107,6;73,8;72,4;83,3;82,7;88,1;77,4;64,5;86,1;86,5;90,1;75,7;75,5;94,8;78,5;81;65,8;84,8;74,1;79,5;94,2;89,2;82,1;107,4;99,3;79,2;76,4;78,4;80,5;86,3;67,8;83,5;82,1;89,3;84,6;78,3;80;96,6;87,8;81;77,7;88,4;102,5;88;81;76,3;73,8;86,8;72,5;102,3;94,9;93,8;87,5;75,2;84,8;81,9;92,7;90,9;80,6;89,8;86,4;81,7;74,6;76,8;92,7;83,8;101,3;80,6;80,9;87,3;81,8;75,2;70,3;78;82,3;84,7;76,2;90,9;95,1;93;95,2;95,4;93,7;89;89,6;88,6;87,4;89,7;89,9;89,5;88,1;84,3;91,7;61,3;77,9;67;85,2;109,6;102,7;108,7;100,1;84,5;94,9;88,2;108,2;95,9;106,2;94,7;92,4;84,4;85,7;82,3;82,6;85,1;83,2;94,6;80,5;66,8;66,5;67,3;85,7;89,3;93,9;74,2;108,4;94;161,9;97,4;118,8;114,8;122,1;102,4;99,8;127,7;85,7;84,4;79,9;86;74,2;92,4;102,7;97,1;72,8;82,2;119,6;78,9;77,5;81,3;82,8;101;95,2;118,5;98,4;117,8;80,7;93,9;73;99,9;95;79,8;85,1
2017/07/31;89,5;86,7;83;75,4;86,2;77,1;77,9;101,2;90,3;86,3;77,5;82,3;92,8;86,6;99,7;83,2;101;104,5;82,1;82,5;81,2;58,4;81;80;90,9;79,2;78,7;80,7;79,1;77,4;84,1;82;82,5;86,8;88,7;81;92,3;80;80,7;78,5;80,3;79,4;84,2;87;93,1;82,7;93,3;75,9;93;87,3;83,6;83,6;83,9;83,6;82;71,9;81,3;108;73,8;76,1;83,7;84,5;87,9;78,8;64;84,1;86,8;86,4;76,6;74,5;92,6;76,4;78,5;61,4;75,6;75,5;85;95;86,8;81,7;98,8;91,7;77,8;76,6;79,3;82,4;88,3;68,1;81,5;76,1;92,5;85,1;78,8;80;96,8;87,2;79,8;78,9;88,9;105,4;87,8;81,6;77,2;73,1;86,1;72,9;101,6;97,7;95,4;86,5;75,2;84,9;80,8;93,6;91,8;81,8;90,3;87,4;81,9;74,9;77,3;92;84,9;102,7;80,6;81,7;87,3;81,6;74,9;71,1;78,1;82,7;84,9;76;90,9;95,1;93;95,4;95,4;94,1;89;89,6;88,6;87,4;89,7;89,9;89,5;88,1;84,3;91,7;68,3;80,7;68,4;86,6;110,9;102,3;108,1;99,4;84;95;87,1;106,2;95,3;105,7;94,5;92,4;84,4;86,2;82,3;82,6;85,1;83,4;94,9;80,5;63,5;63,1;64,5;85,8;89,2;93,9;74,5;109;94;160,5;97,4;118,7;115,9;118,4;102,4;100,1;125,4;85,9;84,8;80,3;86,1;77,4;92,4;102,7;96,9;75;82,2;121,8;78,9;77,5;81,3;83,7;101,2;95,6;118,3;97,7;116,1;80,7;93,1;73;99,9;95;80,5;89
2017/08/31;89,3;85,5;82,1;74,9;85,8;76,2;79,8;104,3;91,7;86,5;76,6;81,5;89;84,7;99,5;82,7;100,4;98,8;82,3;84,4;81,5;60;79,1;80,7;91,2;81,5;75,3;81;77,3;78,7;86,3;81,2;82,3;87,2;87,2;81,7;91,9;80,7;83,1;77,2;82,7;79,3;83,9;87,4;93;83,5;93,6;76,3;93,5;87,8;84;83,5;84,2;82,9;81,3;72,1;79,4;106,8;74,1;76;84,3;84,7;87,3;77,4;63,8;78,6;87,6;88,1;75,7;77,8;90,7;75,7;78,3;60,3;76,3;75,8;82,4;96,1;91,2;81,4;97,4;84,2;78,5;75,4;79,3;82,2;88,7;68,8;80,2;72,5;92,8;84,9;79,1;79,5;95,9;86,7;79,8;78,9;89;104;87,9;78,9;78,1;72,9;87,7;73,7;100,3;94,9;94,4;86,5;76,2;84,9;82,5;92,7;89,1;81,9;89,9;87,8;81,9;75,9;77,3;91,6;81,7;103,2;80,6;81,8;87;81,6;75,5;71;78,6;85,5;84,8;76,4;90,9;95,2;93,2;95,5;95,6;94,2;89;89,6;88,6;87,4;89,7;89,9;89,5;88,1;84,6;91,7;68,3;80,7;68,4;88,2;108,8;101,7;107,7;99,1;84,5;94,3;86,8;103,3;95,7;105,5;94,4;92,6;84,4;85,8;82,3;82,6;85,1;83,5;95,3;80,5;64,4;64,1;65,1;85,8;89,1;93,9;74,4;109,5;94;157;97,4;118,7;115,1;118,1;102,4;97,2;124,9;86;83,8;79,3;86,1;77,4;92,4;102,7;100,2;75;82;121,5;78,9;77,5;81,3;84,1;101;95,4;117,7;97,9;117,1;80,7;93,1;73;99,9;95;80,6;89
2017/09/30;90,7;84,8;81,2;74,4;83;78;77,2;100,4;91,2;85,1;76,5;81,9;89,4;84,7;98;82,8;95,2;97,5;82,6;84,6;81;59,6;78;80;90,9;82,8;77;80,5;77,6;78,5;86,9;80,5;83;87;91;82,1;89,8;79,3;84,7;75,2;82,8;78,8;83,9;88,1;92,6;83,6;93,7;75,7;90,4;88,3;84,2;83,2;83,4;81,8;80,4;72,5;79,9;111;74,4;73,2;85,3;82,6;87,8;76,5;63,2;73,8;88,4;91,5;76,8;75,7;87,8;74,6;75,9;55,7;76,5;84,3;84;96,2;86,1;80,5;97;82,3;78,1;75,2;80,5;80,8;90,3;68,2;83,1;72,9;92,7;84,7;79;78,9;95,7;87,4;79,7;77,3;88,9;104,4;87,5;80,1;77,6;73,9;87,5;73,8;100,2;95,7;93,6;86;76,5;85,2;83,3;93,2;91,4;82,4;90,3;87,6;82;76,2;77,2;91,2;82,8;103,6;80,8;81,8;87,5;82,3;76;70,7;78,9;86,2;84,9;76,4;91;95,4;93,2;95,5;95,6;94,3;90,4;90,9;90,3;88,7;90,8;91;90,9;89,4;84,3;91,7;68,3;80,9;68,4;88,7;108,5;102,1;107;100,9;85,2;94,3;86,6;100,5;94,8;103,6;93;93,3;85,1;86,3;82,3;82,6;85,1;83,5;95,7;80,1;67,3;67,4;66,9;86,2;89,2;93,9;75,6;109,5;94;155,1;97,4;118,2;111,5;118,7;99,5;97,4;124,3;85,4;83,2;80,1;86,1;67,7;92,4;102,7;99,7;75,1;82,7;122,3;78,9;77,5;81,3;84,2;100;95,6;117,9;97,9;116,1;80,7;93,1;73;103,9;95;80,6;89
2017/10/31;91;84,5;81,6;75,1;83,5;78,5;86,2;104,4;92,2;85;77,7;82,9;90,9;86,3;98,2;82,9;93,9;96,4;81,9;83,8;81,4;60,2;78,1;80,2;91,4;82,9;79,1;80,5;79,6;78,7;88,3;80,7;83,5;86,6;91,5;83;88,3;81,1;83,5;79,2;81,8;78,3;83,7;87,7;93;84,2;93;76,1;93,1;87,8;84,1;82;82;84,1;80,6;73;80;106,8;74,6;73,8;89,4;85,1;89,6;77,5;64,1;74,7;89;93,1;77,1;71,3;80,5;74,3;71,3;55,5;84,8;93,3;86,9;97,3;87,6;87,6;94;81;79,8;75,6;79,8;80,8;89,6;68;86,8;76,1;93;85,6;78,7;78,6;93,9;86,4;80,9;75,9;89,3;103,3;91,5;81,6;78,2;73,5;86,1;73,9;100,1;93,9;93,8;86,2;76,4;84,8;83,2;93,6;91,5;82,3;90,2;87,9;82,6;76,7;77;90,5;82,6;102;81,6;82,8;86,9;83,2;75,7;70,3;80,2;86,5;85,1;76,6;91,2;95,5;93,2;95,6;95,6;94,3;90,4;90,9;90,3;88,7;90,8;91;90,9;89,4;84,6;91,7;68,3;81;68,4;90,1;108,6;101,7;106,5;98,8;85,4;94,5;87,1;105,1;95,2;103,9;94,4;91,9;85,1;86,6;82,3;82,6;85,1;83,5;96;80,1;68,9;68,8;69,1;86,2;89,1;93,9;75,8;112,6;94,1;153;97,4;116,7;111,5;119,2;96,3;97,9;124,1;84,9;84,6;79,9;86,4;67,7;92,4;102,7;101,7;75,2;83;119,9;78,9;77,5;81,3;84,5;100,9;95,8;118,9;98,5;116,3;80,7;93,1;73;103,9;95;80,6;89
2017/11/30;89,3;84,7;80,7;73,5;80,1;79,2;85;101,2;91,9;84,7;77,1;81,7;89,8;85,1;99,7;83,6;91;92;82,5;84,3;82,9;58;78,3;80,7;91,9;83;76,7;82,4;81,9;78,8;88,8;79,6;82,5;86,5;92,2;83,6;89,8;80,1;85,3;73,6;81,3;78,2;83,7;87,7;92,5;83,7;93,9;75,5;91,7;87,4;83,8;83,1;82,4;83,4;79,3;74,3;79,9;109,2;74,3;71,6;95;84,7;86,7;77,4;64,2;78,8;90,1;98;76,8;73,2;81,7;74,5;84,9;60,4;85,7;95,4;88,3;97,7;81,6;92,1;89,4;80,8;80,1;75,4;81,2;82,5;89,5;69,4;87,8;79,5;91,7;85,1;79,7;78;93,1;88,1;80,9;77;88,8;102,9;91,9;81,3;79,2;72,8;86,4;75,2;98,4;95,8;94,5;86,7;76,6;84,1;82,3;92,9;92,7;82,9;91,1;87,8;82,3;76,8;78;89,8;83,7;100,8;82,3;81,4;87,4;83,2;75,3;70,6;80,2;86,6;85;77;91,7;95,7;93,4;95,8;95,7;94,4;90,4;90,9;90,3;88,7;90,8;91;90,9;89,4;84,8;91,7;68,3;81;68,4;90,9;106,6;102,2;106,6;99;85,2;93,5;85,6;103,1;94,6;102,2;91,6;92,6;85,1;86,4;82,3;82,6;85;83,8;96,4;80,6;69,5;69;70,8;86,2;89,1;93,9;75,8;114;94,1;148,3;97,4;115,7;109,3;116,4;95,7;97,3;122,5;85;84,7;79,5;86,4;67,7;92,4;102,7;99,1;75,2;83,5;120,6;78,9;77,5;81,3;85,5;100,5;94,5;119,4;98,1;115,5;80,7;93,1;73;103,9;95;80,6;89
2017/12/31;88;84,7;81,3;73;81,5;79,6;86,9;101,3;88,1;83,1;77,7;83,1;89,4;84,9;99,1;83,6;92,3;91,7;82,2;82,5;82,7;58,7;78,7;80,7;93,1;84,5;81,4;83,4;83,3;80,1;90,4;81,4;84,6;86,4;91,8;85,2;91,6;81,6;85,4;76,8;83,9;77,9;83,8;88,1;92,1;83,7;93,4;75,5;91,7;87,2;82,7;81,8;82,2;83,5;79,4;76;80;104,2;72,5;73,5;98,2;83,8;89,4;77,4;63,9;80,7;90,4;98,6;76,7;75,9;80,4;73,6;75,1;55,1;83;85,2;88,7;95,5;73,9;89,5;89,5;81,3;79,4;75,5;81,8;81,7;88,4;69,2;88,3;79;94,2;86,3;79,8;76,9;94,2;87,4;79,5;77,6;89,5;103,1;91,3;81;76,7;72,8;84,5;74,3;98,6;92,6;94,6;86,5;75,9;84,7;81,9;93,2;91,6;81,1;91,4;88,2;82,2;76,9;77,9;90,1;83,2;103,3;82,2;81,2;86,4;82,4;76;70,3;80,2;86,7;84,9;77,1;91,9;95,9;93,6;95,8;95,8;94,5;91,1;91,3;91;90,1;91,3;91,5;91,7;90,4;84,5;91,7;68,3;81;68,4;91,2;106,7;101,3;106,5;99;85,4;94,1;84,8;103,6;95,7;102;92,2;92,6;85,9;85,7;82,3;82,6;85;83,9;96,4;80,8;72,5;72,5;72,1;86,2;89,2;93,9;76,4;116;94,1;146,6;97,4;115,6;106,9;115,3;95,7;96,5;121,7;84,2;85,8;79,7;86,4;77,5;92,4;102,7;98,9;75,2;83,2;117;78,9;77,5;81,3;85,5;102,2;94,8;118,3;98,1;115,1;80,7;93,1;73;104,3;95;80,6;89
2018/01/31;90,3;85;81,7;72,5;85,2;80,2;89,1;101,7;90,2;84,6;76,3;83;93,5;84;100;81,5;93,5;89,1;81,4;85;85,1;59,7;81,3;83,8;95,4;86,8;80,8;84,3;85,8;83,3;89,5;81,9;85,4;88,4;92,8;85,2;90,4;82,6;86,8;77,9;86,2;79,7;84,1;87,3;92,7;83,3;94,4;76,7;94,5;88,5;84,2;84,1;83,1;75;80,5;77,8;80,6;111,1;72,3;74,7;99,4;85,1;90,6;75,7;64,1;79,8;92,1;95,3;77,5;92,9;88;75,9;83,8;58,4;79,2;75,8;77,5;99,2;76,2;91,1;93,8;87,7;78,5;76,4;80,8;82,7;91,7;70,2;90,5;79,8;95,8;86;80,8;78,1;94;88,3;78,8;79,5;88,7;106,5;93,3;85,3;80,3;74,9;88,4;74,2;98,7;95,3;94,2;87;77,9;86,1;83,6;92,9;92,7;84,3;91,9;88,4;81,9;77,4;79;90,6;82,6;103,9;82,6;82,5;87,7;83,3;76;70,6;80,5;87,1;85;77,3;92,2;95,9;93,6;96;95,7;94,6;91,1;91,3;91;90,1;91,3;91,5;91,7;90,4;85,6;91,7;68,3;81;68,4;92,8;107,4;102,4;104,1;99,4;86,2;95,5;85,4;102,7;96,1;101,4;92,4;92,8;85,9;86,5;82,3;82,6;85;84,8;96,6;80,1;71,5;71;72,9;86,6;89,9;93,9;74,2;114,1;97,8;144,7;97,4;115,2;106;116,2;94,1;97,3;121,2;84,9;85,5;80,5;88,9;77,5;92,4;102,7;101,7;77,2;73,1;118,7;78,9;77,5;81,3;86;101,7;96,1;118,6;96,3;113,9;80,7;95,8;73;104,3;95;84,3;89
2018/02/28;89,9;86,6;82,6;72,8;85,2;80,3;87;98,1;89,1;83,9;77,7;83,2;92,5;83,2;101,1;83;90,7;88,4;80,8;85,4;86,6;59,7;80,2;83,3;93,8;85,7;81,4;83,3;85,4;82,9;89,2;81;85,9;86,7;92,5;87;90,2;82;87,6;76,5;88,3;80,4;84,6;87,4;92,7;83,8;93,8;75,9;92,4;87,4;84;83,5;83;85,1;81,8;77,2;80,5;110,8;73,8;72,6;98,9;83,9;89,1;78;64,7;76,3;96,9;95,1;77,1;90,9;89,8;77,7;97,5;65,9;83,9;72,6;79,2;99,3;84,6;95,4;96;86,5;79,3;76,2;81,7;82,5;91,6;68,6;89,4;81,1;93;86,3;81,1;78,5;94,1;86,4;81,1;78,2;89,2;105,1;91,6;85;79,4;75,7;86,5;74,5;96,5;97,1;92,7;87;77,7;85,5;85,1;92,5;92,1;84,2;91,6;88,2;81,9;77,8;79,5;90,7;84,8;103,1;83,7;83,8;88,7;83,3;76,2;71,5;81,2;87,3;85,2;77,6;92,5;96,2;93,7;96,1;95,6;94,6;91,1;91,3;91;90,1;91,3;91,5;91,7;90,4;86,9;91,7;68,3;81,1;68,4;93,1;106,4;101,7;107,5;99,8;85,6;95,3;85,1;102,2;96;100,7;91,4;93,9;85,9;86,8;86,9;86,7;88,9;85;96,9;80,4;70,2;69,4;72,3;86,6;89,9;93,9;75,3;114,8;97,8;144,7;97,4;114,6;106,7;115,3;92,6;96;121,3;84,9;84,4;79,6;88,9;77,5;92,4;102,7;99,5;77,2;81,9;119;78,9;77,5;81,3;86,3;102,8;96,3;118,4;98,3;113,4;80,7;95,8;78,9;104,3;95;84,3;89
2018/03/31;90,3;86;81,9;70,7;81,2;80,4;88,6;99,5;88,5;85,2;75,7;83,7;91,3;84,5;101,5;82,4;90,4;88,3;82,5;86,3;87,4;60,2;80,9;83,1;94,3;85;81,2;83,3;86,2;82,4;88,7;82,5;85,9;87,9;92,4;86,7;90,7;82,8;90;80,7;89,5;81,1;84,2;86,9;94,2;83,8;94,9;75,8;92,6;87,3;84;81,4;83,5;82,1;81,7;77,9;80,6;112,5;73,1;74,8;98,9;85,2;88,3;78,3;64,7;77;98,1;94,2;77,9;93,2;89,6;75,2;106,1;67,8;88,5;72,6;77,9;99,6;94,8;95,5;99,6;86;79,9;75,9;82;82,7;92,2;70;88,7;80,5;95,8;86,8;81,4;78,4;93,8;86,5;80,2;78,4;90,1;106,4;91,3;82,6;79,1;76,3;86,9;74,9;96,7;93,1;93,2;87;78;86,1;85;93;91,3;83,3;92;88,3;81,6;77,6;79,4;90,2;83,8;104;85,5;84,6;90,8;85;77,9;72,6;83;87,7;85,3;78,4;92,7;96,4;93,7;96,1;95,8;94,6;92,3;92,7;92,2;91,5;92,6;92,8;92,7;91,7;86,5;91,7;68,3;81,2;68,4;91,4;106,3;101,3;108;99,8;85;95,2;84,6;101,1;95,8;100,4;91,4;94,3;87;87,3;86,9;86,7;88,9;85;97,1;82;68,5;67,7;70,5;86,8;89,9;93,9;75,5;116,3;97,9;142,4;97,4;113,5;106,5;112;92,6;97;120,4;84,6;84,5;79,3;88,9;79,1;92,4;102,7;100,1;77,5;83;119,5;85,1;83,3;85,5;86,5;102,1;96;118;98;113,4;85,7;95,8;78,9;104,9;95;84,4;89
2018/04/30;89,9;86,3;81,8;74,3;82,1;80,5;89,4;97,9;89;85,5;77,7;84,3;93,2;84,9;100,5;84,3;89,9;82,7;82,3;87,6;87,6;60,2;80,8;84,2;88,9;85,1;82;83,8;86,3;82;89,2;82,7;85,1;90,4;86,1;86,5;91,9;83,9;89,7;80,9;92,5;81,7;84,8;87,3;94,6;83,8;96,5;75,1;92,2;87,2;84,9;82,7;83,4;85,7;82,8;78,5;80,6;108,2;73,8;76,4;98;85,4;86,1;79;63,2;82,4;94;86,4;78,1;92,5;93,8;75,8;107;72;90,6;69,1;79,7;97,9;92,7;94,3;107;84,3;79,2;75,4;83,2;84,2;92;70,4;89,9;80,4;95,7;86,1;82;76,7;91,9;88,3;80,3;79,1;89,5;104;94;83,5;81,3;76,1;82,6;75;98,8;96,5;94,7;88;77,8;85,3;85;93,3;92,3;85,3;93,5;89,5;82;81,5;83;90,6;86,4;105,5;87,5;86,5;92,1;87,3;79,7;74,2;83,8;89;85,8;82,3;92,9;96,6;93,8;96,3;96,1;94,6;92,3;92,7;92,2;91,5;92,6;92,8;92,7;91,7;87,3;91,7;68,9;81,2;69;91,6;105,2;103;108,8;99,5;86,9;95,2;84,6;102,8;96,6;101,4;93;95,4;87;87,9;87,2;86,7;88,9;85,6;97,4;82,5;71,6;71,1;73;87,8;92,8;93,9;74,9;117,9;100;140,3;99,8;113,9;107,4;110,9;97,3;95,2;119,5;86,2;85,3;80,3;89,3;82,1;96,2;102,7;100;78,4;85,5;119,1;85,1;83,3;85,5;88,1;102,5;95,9;116,5;97,7;113;85,7;95,8;79,2;104,9;95,5;84,9;89,5
2018/05/31;90,3;85,8;81,3;74,2;84,4;81,7;84;94,8;85,1;83,8;78,6;84,5;91,2;84,1;99,6;86,3;87,5;81,1;83,1;86,8;88;62,2;80,6;84,5;85;83,7;80,5;84,8;85;85,3;88,9;81,2;83,1;92,8;89;88;93;84,8;90,7;83,6;92,5;81,3;85,4;87,4;94,5;84;94,6;76,3;92,2;88,2;85,8;82,4;83,7;85,1;83,4;77,4;80,2;111,3;76,2;78,4;98;83,7;89;77,9;63,1;80,8;91,6;84;78,6;87,7;94,2;75,9;97,3;71,4;97,8;69,5;78,8;96,3;93,3;93,8;105,5;83;78,5;73,7;85,1;84,9;89,4;71,9;89,6;70,3;91,6;87,1;83;74,7;90,9;87,7;79,8;78,3;90;104,1;92,8;86,2;82,6;76,3;89,7;76,8;96,6;94,6;95,3;88,7;77,9;86,4;85,9;91,6;91,7;87,2;98,4;89,8;82,7;82,7;82,8;90,9;86,5;106;87,4;86,5;92,2;89;80,3;74;84,4;90;85,6;83,3;93,2;96,7;94;96,3;96,2;94,7;92,3;92,7;92,2;91,5;92,6;92,8;92,7;91,7;87;92,4;68,9;81,3;69;93,1;104,4;102,9;109,3;100,7;87,7;94,7;84,4;101,7;96,9;101,9;93,4;95,2;87;88,5;87,2;86,7;89,2;85,7;97,6;82,4;74,2;73,5;75,9;87,9;92,9;93,9;74,6;117,3;100;139,5;99,8;112,8;103,9;110,2;97,3;94,3;119,4;86,5;86,4;79,8;89,3;82,1;96,2;102,7;100,6;79,1;86,5;119,2;85,1;83,3;85,5;88,5;101,7;95,6;115,6;97,6;114,1;85,7;96,8;79,2;105,2;95,5;84,9;89,5
2018/06/30;90,4;86,5;82,1;74;85,1;81,9;82,1;94,9;87,2;84,3;78,2;85,1;93,7;84;100,2;86,1;89;80,5;82,3;87;88;62,6;80,6;83,6;83,6;83,9;80,2;85,2;86;83,5;88,8;81;82,2;93,4;87,2;86,8;91,6;85,8;91,4;80,7;92,9;81,5;84,9;87,6;92,8;84,7;95,6;76,7;94,4;91,1;85,7;83,5;85,4;87,3;84,4;79,6;80,2;104,2;77,4;78,5;97,1;82,3;88,8;79,3;62,6;77,3;94,3;83,2;78,7;86,8;95;76,6;98,5;71,4;97,5;69,8;79,5;94,8;98,1;93;109,2;84,9;78,9;74,9;85,1;84,2;91;70,7;87,3;71,8;93,2;88,6;82,6;74,3;90,2;87,5;78,1;76,5;90;104,7;94,8;87,2;83,3;75,7;90,7;77,9;99,9;96;96,4;88,7;76,8;86,8;86;94,3;91,4;86,5;99,7;89,4;84,7;82,8;83,3;91,5;87,5;106,9;87,6;86,5;92,5;88,8;80,2;73,7;84,4;89,8;85,7;83,9;93,5;96,8;94,2;96,5;96,3;94,9;92,7;92,8;93,2;91,4;93;93,1;93,6;92;87,8;92,4;68,9;81,3;69;92,7;103,9;102,7;109,5;100,1;86,9;93,9;84,3;104,3;96;102,1;91,8;95,6;88,6;88,4;87,2;86,7;89,2;85,7;97,9;83,1;77,7;77,6;77,7;88;92,9;95,8;75,8;120;100;135,8;99,8;111,7;99,9;110,9;97,3;95,1;116,9;87,5;86,5;81;89,3;85,2;96,2;100;102,4;79,1;87,1;120;85,1;83,3;85,5;88,8;99,8;96,9;114,9;96,9;114;85,7;96,8;79,2;105,6;95,5;84,9;89,5
2018/07/31;91,4;86,2;80,7;74,3;83,3;82;79,1;96,4;86,1;83,3;78,1;84,4;96,6;84,3;98,5;87,1;88,4;80;83,7;86,4;88,3;63;80,1;83,6;84,7;85,5;79,6;86,8;85;82,6;88,6;80,8;81,4;93,8;87,5;87,1;95,4;85,3;91,4;83,9;93;81,1;85,6;87,1;94,8;82,1;95,1;76,8;97,4;90,3;87;85;86,3;88,9;84,3;80,3;80,8;107,9;77,5;81,7;97,8;84,1;88,3;78,1;62,1;75,9;93,8;77,8;80,5;86,6;92;79,4;100,3;68,7;92;73,2;86;95,4;105,3;96,4;107,4;86,3;78,8;73,9;83,5;85,1;91,5;71,2;87,9;70,2;92,1;90,5;83,7;73,7;89,7;86,3;79,3;77,8;89,5;106,5;96;89,2;82,7;76,1;91;78,9;99,6;99,2;96,6;89,2;79,9;87,4;86;93,6;89,1;87,1;101,4;89,5;84,6;83,4;85,5;91,3;88,4;108,4;87,7;86,8;92,5;88,7;80,6;73,8;84,9;89,7;86,3;84,3;93,5;97,1;94,3;96,5;96,4;95,1;92,7;92,8;93,2;91,4;93;93,1;93,6;92;87,8;92,4;77,1;88,9;73,7;97,5;104,9;102,3;109,9;101,1;88,5;94,7;85,4;102,7;96,9;101,8;92,4;95,3;88,6;88,4;87,2;86,7;89,2;85,8;98,1;82,7;79,6;78,8;81,5;88,2;92,9;95,8;76,1;121,7;100;133,9;99,8;110,9;99;111,6;97,3;96,4;114,2;87,9;85,9;81,6;89,3;85,2;96,2;100;101,7;79,6;86,5;117,9;85,1;83,3;85,5;89,1;100,3;95,8;113,1;96,4;113,6;85,7;96,8;79,2;105,6;95,5;85,9;89,5
2018/08/31;91;86,6;83;73,6;81,6;82,7;82,4;93,3;86,5;84,4;76,9;85,5;94,8;83,2;97,9;86,3;85,4;78,6;82,2;86,1;87,6;62,7;80;83,8;84,9;86,3;79,7;86,4;84,2;82,8;89,2;82,3;83;94,2;87,6;87,5;96;85,8;89,6;83,6;91,5;81,1;84,7;87,5;94,8;82,7;95;76,2;99,1;90,2;86,1;85,2;86,1;89,4;85,8;81;79,2;106,1;78,3;78,8;97,4;82,8;89,9;79,5;63;76,3;93,7;77,6;81;87,2;92,2;80,9;95,7;65,4;86,6;77,3;85,6;93,8;122,8;99,6;105,4;93,6;77,6;74,1;85,1;85,2;90,5;71,5;85,9;72,2;93,4;91,6;82,5;73,1;89,9;86,4;80,3;77,3;89,7;102,6;97;86,6;82;73,7;90,7;79,1;98;98,9;97,8;89,2;81,2;86,8;85,4;93,6;91;86,7;100,9;90,4;85,9;83,1;88,3;91,2;88,4;108;88;86,8;92,5;89,1;80,5;74,2;83,6;89,3;86,5;84,3;93,7;97,3;94,5;96,5;96,5;95,2;92,7;92,8;93,2;91,4;93;93,1;93,6;92;88,3;92,4;77,1;89,1;73,7;98;103,8;102;109,1;98,8;88,5;93,3;85,1;102,8;97,9;101,7;92,4;95,3;88,6;88,7;87,9;87,4;89,1;85,9;98,3;83,1;79,6;78,9;81,5;88,2;93,1;95,8;75,8;121,4;100;132,3;99,8;111,4;99,8;110,1;102,3;97,1;113,2;87,5;86;80,7;89,3;85,2;96,2;100;102,3;79,9;87;118;85,1;83,3;85,5;89,1;100,7;94,8;111,8;97,3;113,6;85,7;96,8;79,2;105,6;95,5;85,9;89,5
2018/09/30;90,1;88;83,4;75,7;81,6;82,5;84;93,2;85,3;85;77,1;85,2;94,4;84;99,7;85,4;86,8;77,1;82,6;89,2;87,1;62,7;79;83,2;85,5;86,3;78,9;86,2;82,9;81,7;88,6;82,1;80,2;94,3;89,1;87,6;94,4;88,3;90,4;81,8;92;81,2;86,2;88;94,8;83,2;94,5;76,6;97,7;89,3;86,4;84,9;85,6;90,9;85;81,1;80,1;112,8;78,1;79,3;97,3;84,5;88,5;78,2;63,8;70,7;95,6;77,8;79,2;86;89;78,9;96,3;64,9;89,3;83,7;90,8;92,8;119;98,9;105,3;90,8;78,5;73,8;85,2;84;88,6;72,1;87,3;80,4;94,3;91,5;85,1;76,9;95,9;88,5;79,7;78,5;89,4;105,6;99,2;87,5;80,3;77,1;91,8;79;99,7;98,3;94,9;88,5;81,3;86,2;86,2;92,9;91,2;89,4;101,2;92,1;85,3;83,4;89,4;90,5;88;106,7;88,6;87,4;93;89,6;80,8;74,9;83,2;89,1;86,6;84,5;94;97,4;94,6;96,5;96,6;95,3;94;94,1;94,5;92,9;94,1;94,2;94,9;93,3;88;92,4;77,1;89,1;73,7;96,1;102,1;101,4;110;100,7;88,8;93,7;85,3;102,7;97,3;103;92,5;95,6;89,5;89,5;87,9;87,4;89,1;86;98,6;82,1;79,8;79,1;81,3;88,2;93,1;95,8;80,4;125,5;100;129,2;99,8;111,5;99;109,8;93,7;97,1;111,2;88,4;86,6;80,6;89,3;86,6;96,2;100;103,3;79,9;88,2;117,1;85,1;83,3;85,5;89,3;101,2;96,3;111,9;97,2;112,9;85,7;96,8;79,2;102,1;95,5;85,9;89,5
2018/10/31;90,9;87,8;83,6;75,5;82,6;83,4;88,5;94,8;85,7;83,3;77,5;85,1;94,5;84,7;100;85,4;85,6;78,2;83,9;88;88,8;62,7;79,3;83,1;87,9;86,6;81,6;84,3;83,3;81,5;88,3;84,1;82,4;94,4;90,1;87,3;92,8;86,3;91,4;77,8;92,2;80,8;85,8;87,6;95,1;83;93,6;76,1;96,6;90,5;87,3;83,8;83,9;88,4;84,1;81,2;79,4;107,4;78,4;79,5;95,6;81,7;89,1;77,5;66;72,4;97,9;79,2;80,9;85,7;83,5;78,5;93,6;65,9;95,3;87,5;99,6;96,9;107,9;100,7;105,9;87,4;81,6;75,2;85,2;84,2;87,8;71,6;90,5;80,6;95;90,9;85;79,7;96,8;88;80,2;78,4;89,5;104,6;98,1;88,7;81,2;75,3;88,2;79,3;100,6;99,5;96,7;88,8;81,2;86,8;85,9;92,7;91;87,1;101,8;91,9;86,5;83,5;88,9;90,5;88,3;106,6;88,4;87,4;92,5;90;80,8;75,5;83,4;90,4;86,5;84,5;93,9;97,5;94,7;96,6;96,7;95,3;94;94,1;94,5;92,9;94,1;94,2;94,9;93,3;88,3;92,4;77,1;89,1;73,7;97,1;103,4;101,4;109,5;99,2;88,5;93,6;85,3;102,3;97,7;103,3;92,4;94,7;89,5;88,8;87,9;87,4;89,1;87;98,9;82,8;84,6;84,1;86,1;88,2;93,2;95,8;80,4;126,4;100,1;129,6;99,8;110,7;97,7;108,5;96,3;97,6;109,7;88,4;86,7;80,5;89,5;86,6;96,2;100;104;81;88,3;117,8;85,1;83,3;85,5;89,4;101,6;96,1;109,9;96,5;112,9;85,7;96,8;79,2;102,1;95,5;85,9;89,5
2018/11/30;91,5;88;84,1;75,1;84,3;83,7;89;94,5;86,2;82,5;79,4;84,8;95;85,3;99,7;84,9;87,9;77;84,6;87,8;88,4;62;79,6;82,2;89,6;86,2;78,8;85,1;81,9;81,2;88,1;84,2;83,7;94;92,8;87,5;95,4;86,6;90,8;80;92,6;81,2;85,4;87,6;94,2;83,1;93,9;77;94,8;91,3;87,3;84,9;84;89;84,8;82,2;80,4;112,3;75,8;78,7;95,7;82,9;89,3;77,8;66,2;77,6;98,4;84,1;80,7;80,3;85,3;82,3;96,2;67;100,3;87,9;104;98;90,9;98,2;103,1;80,5;84,5;74,9;85,4;82,2;89,1;71,7;93,8;86,3;92,9;90,1;85,5;81,2;95,7;87,8;79,4;78,6;90;101,8;100,3;89,8;81,4;77,1;89,3;80,5;99,5;99,1;96,9;88,6;80,4;87,1;85,3;92,4;91,7;86,9;107,9;92;86,4;86,4;88,9;91,4;89,4;108,2;89,4;86,8;92;88,9;80,8;75,3;84,2;91,3;86,5;84,7;94,2;97,5;94,8;96,8;96,7;95,4;94;94,1;94,5;92,9;94,1;94,2;94,9;93,3;88,3;93,1;77,1;89,1;73,7;98,1;103;102,3;109,2;99,5;89,1;94;85,5;101,4;97,6;104,2;93;95,5;89,5;88,9;87,9;87,4;89,1;87;99,2;83,9;85,6;84,1;89,5;88,2;93,3;95,8;80,6;128,2;100,1;129;99,8;109,9;98;109;95,3;97,8;109,8;89,1;85,9;81,8;89,5;86,6;96,2;100;101,1;81;88,7;118;85,1;83,3;85,5;89,8;102,5;96,2;110,1;96,9;113,8;85,7;96,8;79,2;102,1;95,5;85,9;89,5
2018/12/31;91,3;88,6;84,5;74;82,7;84;89,4;95,8;85,9;82,9;80,5;84;94,5;87,2;100,3;85,8;86,2;76,4;86,1;88,1;88,6;62,2;80;81,4;89,7;86,3;81;85,9;82,3;81,4;88,6;86,5;83,7;94,3;94,6;87,6;96;86;91,1;79,6;92,1;81,6;86,2;87,9;94,5;81,8;94,4;77,1;95,9;91,8;86,8;84,3;83,2;89,6;84,2;81,7;80,6;108,1;78,8;78,7;94,2;81,2;88,9;77,7;67,5;81,7;101,9;86,1;80,8;84,6;88,8;84,2;96,8;63,9;95,2;88,2;90,3;97,1;84,6;98,2;100,6;79,8;83,9;74,2;85,2;82,5;89,8;71,7;95,9;86,8;94,3;92,2;85,3;80,8;97,8;90,2;80,5;79,1;89,8;104,2;100,3;90,2;77,3;76,7;92,3;81,2;99,3;99;97,6;88,6;80,8;87,7;85,5;91,7;90,6;85,1;110,6;91,8;87;87;87,9;90,4;87,9;108,2;89,3;86,9;93;88,5;81;75,3;84,4;91,7;86,5;84,8;94,3;97,5;94,8;97,1;96,7;95,5;94,9;94,8;95,4;94,4;94,8;94,9;95,7;94,2;88,6;93,1;77,1;89,2;73,7;98,2;103,4;100,9;108,8;99,7;89,3;93,8;85,7;100,7;97,9;104,1;93,2;95,4;90,4;88,3;87,9;87,4;89,1;87;98,3;83,2;78,7;74,9;88,7;88,2;93,3;95,8;82,1;128,1;99,5;126,8;99,8;109,7;97;108;105,4;95,8;109,5;88,5;86,1;82,1;89,5;88,1;96,2;100;106;81,1;88,5;117,3;85,1;83,3;85,5;89,8;102,8;96,7;108,3;96,8;113,5;85,7;96,8;79,2;103;95,5;85,9;89,5
2019/01/31;93,5;89,6;87,1;77,4;84,5;84,1;90,3;99,5;89,9;88;81,6;85,9;96,3;87,9;101;86,5;88,8;83,8;86,8;91;89,4;60,2;80,9;84,7;91,2;86,8;81,2;87,2;82,9;81,3;88,2;88,2;85,4;92,5;95,3;89,3;96,3;90,2;92,4;80,3;92,5;84,4;86,4;87,6;94,4;83;94,9;76,8;99,2;91,2;86,6;85,8;84,2;84,9;85,3;82,5;81,2;112,4;78,2;79;93,4;82,9;90,1;76,4;66,9;82,8;103,6;85,5;81,3;97,5;89,9;89,4;95,7;68,7;100,3;83,7;98,6;98,3;78;95;109;87,7;85,8;74,6;86;86,6;90,3;72,3;101,7;95,8;96,9;91,4;85,3;81,8;97,6;90,4;79,9;80,2;89,9;103,5;101,9;90,3;80,3;76,4;94,6;80,8;99,9;100,1;100,4;88,6;82;89,6;86,2;92,8;93,4;87,8;109,8;92,3;88;88,4;90,6;91,3;88,5;107,8;89,2;87,8;92,9;89,5;81,8;76,2;84,4;91,8;86,6;84,8;94,6;97,5;94,9;97,2;96,9;95,7;94,9;94,8;95,4;94,4;94,8;94,9;95,7;94,2;89,3;93,1;77,1;89,2;73,7;95,3;103,6;101,9;108,4;99,7;89,8;93,7;86,7;101,5;98,7;103,2;93,4;96,9;90,4;88,5;87,9;87,4;89,1;88;98,2;84,4;70,7;68,8;75,5;88,2;93,4;95,8;81,4;127,6;103,9;128,2;99,8;110,2;93,4;108,5;103,2;97,9;110,6;88,5;86,7;82,1;94,6;88,1;96,2;100;105,1;83,4;79,2;118,4;85,1;83,3;85,5;90,8;101,4;97,3;108,4;95,8;112,6;85,7;95,2;79,2;103;95,7;88,6;91,2
2019/02/28;94,1;91,6;89,7;76,3;84,7;84,9;89,7;99,5;90,4;87,9;83,2;85,6;96,3;91,6;103,5;88;91,3;88,4;88,3;92,2;87,8;59,9;78,2;80,4;88;85,3;79,1;86,1;83,2;80,2;88;90;85,9;91,9;97,6;88,3;96,4;93,5;93;80,8;93,5;84,8;87,1;88,9;94,8;83,4;95,4;76,4;98,5;91,4;87,3;85,8;84,2;88,1;83,9;82,3;80,1;110,6;79,3;83,6;91,6;81,4;89,1;78;67,1;81,5;108,8;93,2;82,2;103,9;97,3;89,3;105,7;73,4;99,5;81,2;95,1;98,6;84,8;93,4;109,5;86,4;85,4;74,9;87,8;86,7;91,2;74,1;98,7;90;97,7;92,6;85,7;82,3;98,7;89,7;80,5;80,6;90,9;103,2;100,5;91,8;83,4;79;92,5;81,3;99,2;99,6;98,8;88,9;82,7;90,2;86,5;91,6;90,6;87,1;110,3;92,2;87,9;88,9;91,2;92,3;89,6;109,6;90;87,9;93,7;91;82;75,5;84,9;92;86,9;84,9;95;97,8;95,2;97,2;96,9;95,8;94,9;94,8;95,4;94,4;94,8;94,9;95,7;94,2;89,7;93,1;77,1;89,2;73,7;95,3;104,5;102,5;108,7;100,2;90;94,9;87,1;101,7;97,6;102,1;92,5;97,7;90,4;88,8;92;91,5;92,9;88,1;98,1;85,7;70,9;69,1;75,5;88,3;93,4;95,8;82,2;127,4;103,9;127;99,8;108,7;92,9;108,7;97,8;98,6;110,1;88,5;87,1;82,3;94,6;88,1;96,2;100;106,3;83,4;85,8;117,8;85,1;83,3;85,5;90,9;104,5;96,9;108,2;96,5;114;85,7;95,2;85,8;103;95,7;88,6;91,2
2019/03/31;93,5;92,6;90,1;73,6;85,2;85,6;88,5;99,8;93,1;88,1;83;85,5;97,7;90,2;102,8;88,7;93,7;94,7;88,8;91;86,6;59,5;77,7;79,6;87,7;84;81,6;87,4;82,9;78,6;87,8;90,3;85,2;92,3;99,9;87,8;97,2;92,5;92,8;85,1;93,1;85,6;87,2;88,8;96,1;83,6;94,9;76,5;97,8;91,9;87,3;84,8;85,3;90,5;84,8;83,2;80,8;112,1;81,5;82,1;90,7;81,5;89,2;79,6;67,9;93,3;107,2;93;82,4;104,6;96,2;89,7;102,4;78,5;110,9;81,9;92,6;98,7;93,3;92,4;110,6;90;84,4;74,5;89,8;87,7;91,4;74,7;96,5;85,5;98;94,6;85,1;81,9;99,3;90,1;80,9;81;91,7;102,6;102,8;91,6;83;78;95;80,8;98,7;98,4;99,6;89,2;82,4;90,1;86,5;92,6;92,9;88,3;109,3;92,2;88,8;89,6;93;91,7;90,5;110,6;93;89,8;95,9;92,8;85,1;78,7;88,8;92,5;90,3;85;95,3;97,9;95,4;97,4;96,9;95,9;95,5;95;96,5;95,5;95,1;95,1;96,4;95,1;90;93,1;77,1;89,4;73,7;95,3;102,8;102,5;107,7;99,6;90,1;95;87,4;102;99,5;102,9;93,1;98,5;91,4;91,2;92;91,5;92,9;88,1;97,9;84,3;74,5;72,8;78,9;93,2;94,4;95,8;83,1;130,3;103,9;126,3;99,8;106,6;92;107,3;106,8;97,4;109,5;88,9;87,9;81,5;94,6;89;96,2;100;104;84,2;87,2;116,8;90,9;89,1;90,8;91,2;104,7;97,7;108,2;97,1;113;91,1;95,2;85,8;101,4;95,7;88,5;91,2
2019/04/30;93,8;92,7;90,3;73,8;82,2;85,3;89,7;102;91,8;88,6;83,1;85,8;95;86,9;98,2;88,9;95,2;97,9;87,4;89,4;86,9;59,2;77;79,7;86,3;84,2;80,1;87,9;82,3;80,3;87,3;89,6;85,7;92;100,2;87,9;96,9;94,4;93,3;87,5;92,2;86,4;87,6;88,3;95,9;83,2;93,1;77,9;97,1;92,8;87,3;84,3;85;90,7;85,1;83,7;81,9;108,6;82,2;79,5;91,1;81,3;87,6;79,5;66,8;90,8;103,7;87,2;82,5;107,8;100,7;92,3;105,9;79,5;118,3;78,2;95,6;98,3;90,4;92,9;113,8;105,8;85,2;74,6;90,2;88,6;91,6;75,4;95,7;81,4;96,8;94,7;85,2;81,8;98;89,1;80,9;82,6;92;100;101,4;88,4;82,6;77,9;89,1;81,2;100,8;99,9;99,1;89,3;82,5;88,9;87,6;93;94,9;88,4;110,2;91,6;89,3;89,1;93,3;91,9;90,8;112,4;94,3;90,6;98,2;93,7;86,5;80,8;89,9;93;90,6;86,2;95,4;98,1;95,8;97,5;97;95,9;95,5;95;96,5;95,5;95,1;95,1;96,4;95,1;90,4;93,1;77,1;89,4;73,7;97,1;102;103,2;108,3;100,3;90,2;94,9;88,2;102,9;99;104,4;93,1;98,7;91,4;90,7;92,3;91,5;92,9;88,7;97,7;85,3;80,1;79,4;82,1;93,2;96,1;95,8;83,5;128;92,8;125,4;100,1;106,7;92,2;107,5;103,4;96,3;109,5;89,7;87,8;82,9;94,8;89;97,7;100;100,3;84,4;87,7;116,3;90,9;89,1;90,8;91,3;103,7;96,9;108,3;96,8;113,8;91,1;95,2;86,2;101,4;95,7;88,5;91,6
2019/05/31;93,8;93,1;91;78,3;84,9;85,7;84,5;102,8;93,1;86,6;82,9;86,3;98,9;81,6;94,4;89,8;96,6;98;90;90,9;85,6;61,2;77,3;80,7;86,5;83,7;78,9;88,2;84,8;81,9;87,4;86,5;85,5;91,4;96,3;87,3;96,3;94,3;94,3;88,3;94,8;87,3;88,1;89,9;96,4;84,8;94,1;78,5;98,7;92,9;88,8;85,3;84,8;92,7;85,7;84,8;81,9;113,3;82,7;81,3;90,7;81,3;85,5;79,5;67,7;92,6;97,7;80,3;83,9;95,8;98,1;91,9;104,5;78,5;109,5;77,5;92,5;96,5;94,5;95,2;115,3;104,3;84,7;73,1;90,1;90,1;91,7;76,6;96,4;78,5;95,4;94,3;87,2;81,6;96,9;89,6;81,2;81,6;92,5;101,3;101,5;94;87,2;79,2;94;82;102,1;97,4;100,7;90;82,9;90;87,4;91,7;92;87,7;109,7;91,4;87,4;90;92,9;92,2;93,2;112,1;93,7;90,6;98,6;94;86,6;81,2;90,5;93,4;91;87,4;95,7;98,4;96;97,6;97;96,1;95,5;95;96,5;95,5;95,1;95,1;96,4;95,1;90,7;96,7;77,1;89,8;73,7;97,8;101,9;103,7;108,3;99,1;90,4;95,3;88,9;103,8;100;104,2;93,6;98,5;91,4;92,4;92,3;91,5;93,2;88,7;97,1;84,5;82,8;82,1;84,4;93,3;96,2;95,8;82,4;126,1;92,8;124,9;100,1;103,8;91,1;107,4;105,9;96,9;109,8;91,7;88,2;84,1;94,8;91;97,7;100;101,1;84,7;89,8;111;90,9;89,1;90,8;91,7;104,1;97,9;105,4;97,1;113,2;91,1;95,2;86,2;101,4;95,7;88,5;91,6
2019/06/30;94,7;93,2;91;79,5;89,1;87;88;104,9;95;86,9;82,9;87,1;99,8;81,1;93,7;90,2;96,6;97,9;90,5;91,2;87,4;61,9;78,4;81;87,8;84,5;81,9;87,9;84,1;83;88;88,4;86,7;91,3;100,9;88,8;92,4;93,5;93,9;89;95,8;87,5;89,4;90,6;97,8;86,4;94,6;78,9;101,3;93,7;87,7;86;85,6;87,3;86,9;87,6;81,8;110,3;83,6;84,2;91,2;80,9;88,7;81,7;66,8;87,1;99,5;81,6;84,5;82,9;93,1;89,7;97,2;69;99,9;77;89,5;99,2;94,1;95,7;110,9;92,6;85,9;74;91,5;90,2;92,3;77,4;94,6;74,5;94,9;96,4;87,9;82;96,2;91,7;80,9;83;92,4;105,1;102,5;93,7;89,1;81,7;96,2;82,3;100,8;99,9;100,9;90;86,2;91,2;88,1;92,8;92,6;90,1;110,9;90,7;88,7;89,1;93,9;94,4;94,5;113,7;93,9;91;99,7;93,1;86,3;80,9;91,8;93,9;91,2;87,6;96,1;98,7;96,2;97,6;97,1;96,3;96,4;96;97,4;96,5;96,1;96;97,5;96;90,9;96,7;77,1;89,8;73,7;98,1;101,2;102,4;107,4;99,2;90,5;96,1;89,2;104,7;98,2;104;93,8;98,6;92,7;92,5;92,3;91,5;93,2;88,7;97;85,3;83,4;82,5;85,7;93,3;96;97,3;82,8;125,6;92,8;124,2;100,1;102,7;92,2;105,9;96,1;97,5;108,3;91,7;88,9;84,3;94,8;91,8;97,7;100;100,7;84,7;91,4;111,2;90,9;89,1;90,8;92,1;102,9;98,4;106,7;96,9;111,4;91,1;95,2;86,2;101,9;95,7;88,5;91,6
2019/07/31;94,6;92,6;90,5;79,8;88,1;88;85,8;104,5;95,9;88,1;83,2;88,2;99,4;81,7;91,8;89,5;98,9;97,9;93,3;90,5;85,7;62,4;79,2;81,8;89,1;84,2;82;88,7;83,2;84,8;88,2;86,1;85,9;88;97,8;89,4;96,3;94,8;94,4;90,9;95,4;87,6;89,4;91,6;97,8;86,8;95;78,1;103,4;95,2;88,6;85,2;83,6;90,5;86;88,9;83,2;114;83,4;82,8;91,2;79,6;87,2;82,8;66,5;89,4;98,6;76,4;84,8;86,6;95,5;84,4;95,9;67,5;95,3;79;90,1;98,3;94,6;98;110;95,7;86,5;74,2;91,5;90,7;93,6;77,6;92,5;75,5;95,9;96,3;88,6;82,1;97,5;92,5;80,1;82,8;92,1;104,1;102,3;94,6;86,1;82,4;97,2;82,8;101,5;97,9;101,6;90,3;87,2;90,9;87,9;92,7;91,4;91,3;108,9;89;90,2;89,1;92,4;94,9;93,7;115;94;92,1;100,1;94,2;86,4;80,7;91,7;93,9;91,4;87,9;96,1;98,7;96,4;97,7;97,2;96,3;96,4;96;97,4;96,5;96,1;96;97,5;96;91,6;96,7;85;93,5;81,4;98,6;102,1;102,1;109,1;98,8;91,2;95,5;89,9;104,9;99,5;104,5;94;98,2;92,7;92,8;92,3;91,5;93,2;89,5;96,8;85,4;79,2;77,8;82,8;93,4;96;97,3;82,8;124,7;92,7;122,4;100,3;101,1;89,4;105,6;102,7;95,6;107,4;91,3;89,2;84,8;94,8;91,8;97,7;100;102,6;84,7;90,3;109,3;90,9;89,1;90,8;92,3;101,6;97,6;107,7;96,7;110;91,1;96,1;86,2;101,9;98,6;88,9;91,6
2019/08/31;95,6;92;89,3;79,7;86,5;89;90,6;104,3;96,1;88,8;84;87,3;101,5;83;93,7;89,9;100,5;100,2;94,5;89,3;86,9;63,4;79,6;83;90;84,1;79,3;88,5;84,5;85,3;87,6;87,7;85,8;86,2;97,5;89,9;97,3;97,2;94;91,8;96,8;88,2;90,4;91,6;98,7;87,3;94,3;79,5;98,8;95,9;89,8;86,7;87,2;90,9;87,4;89,6;83,2;110,2;83,7;83,6;91,4;81,5;88,3;84,5;68,1;81,8;100,1;77,5;86,2;93,5;98,2;84,4;92,4;64,6;87,3;80,7;98,8;97,3;108,8;99,8;107,2;98,9;86,3;73,8;91,8;90,3;95,7;76,6;91,7;71,1;95,4;96,5;88,6;82,7;97,6;91,3;82,3;83,8;92,8;104,2;102,8;91,7;89,8;78,8;98,2;83,6;100,2;99;100,4;90,7;86,7;91,1;89,4;92,5;94,7;89,4;109,1;90,9;90,7;90,4;94,7;94,9;95;113;94,5;91,6;99,6;94,6;86,6;81,3;92,4;93,6;91,2;88,2;96,8;98,8;96,6;98,2;97,2;96,7;96,4;96;97,4;96,5;96,1;96;97,5;96;91,5;96,7;85;93,8;82,6;98,6;101,2;102,8;108,6;98,9;91;95,6;90,1;105,9;99,4;103,9;94,4;98,9;92,7;92,8;92,3;91,5;93,2;89,7;96,6;85,8;79,3;78,3;81,6;93,8;96;97,3;83,4;127,4;92,8;121,7;100,3;101,1;90,3;105,7;108,2;96,1;108,4;91,2;92,9;85,2;94,7;91,8;97,7;100;103,4;85,5;91,6;110,2;90,9;89,1;90,8;92,3;102,9;98,5;107,5;96,7;111,1;91,1;96,1;86,2;101,9;98,6;88,9;91,6
2019/09/30;96,3;91,7;89,7;81,9;90,3;89,2;91,4;104,6;96,3;88,5;84,2;89,4;101,2;82,2;94,5;90,5;100,5;101,2;92,9;91,1;86,6;64,4;79,2;83;88,9;82,8;80,8;89,2;84,2;86,4;87,9;88,1;85,1;86,9;91,1;89,2;97,6;96,8;93,4;90,3;99,1;87,9;90,5;91,8;99,4;88,3;95,7;80;100,8;95,6;88,7;86,3;87,5;89,1;87,4;90,3;83,3;114,5;84;85,9;90,4;82,9;87,2;83,9;68,5;75;100,8;80,1;89,1;92,8;92,9;83,1;95,5;62,5;98;83,2;97,7;98,2;114,6;99,3;105,7;101,1;86,5;74,5;92,5;90,8;95,2;77,7;93,5;75,1;93,3;97;89;82,6;96;93,4;81,3;85;93,3;104,4;104,4;91,5;88,7;81,9;97,2;84,5;101,1;99,6;99,4;91,5;88,1;90,8;90,9;92,4;94,4;90,6;108,5;91;92;90,6;95,4;95,4;95,6;113,6;94,2;90,8;100,1;94,9;87,1;82,8;92,4;93,8;91,2;88,4;97;99,1;96,8;98,4;97,2;96,8;97,1;96,6;98,4;96,9;96,6;96,6;98,4;96,6;92,2;96,7;85;93,8;82,6;98,7;100,5;102,3;109,3;99,7;92,2;95,2;90;106;99,6;105,8;94,9;98,1;93,7;92,9;92,3;91,5;93,2;89,7;96,4;85,8;79,9;78,9;82,5;93,9;96,2;97,3;83,3;125,7;92,8;119,8;100,3;100,6;91,6;104,6;106,4;95,2;107,1;91,3;93;85,7;94,7;95,6;97,7;100;103;85,5;94,2;109,4;90,9;89,1;90,8;93,1;102,7;98,8;108,1;97,3;109,9;91,1;96,1;86,2;100,9;98,6;88,9;91,6
2019/10/31;95,6;91,5;90,2;79,5;88,6;89,7;91,4;100,7;92,8;87,3;84,7;89,6;100,8;83,5;95,1;90,9;101,3;100,7;94,6;89,7;86,5;65;79,4;83;87,9;82,9;82,6;88,7;84,9;86,5;88,5;86,5;87,8;84,7;89,7;89,8;96;95,5;94,7;91,2;96,8;87,2;90,5;91,6;99,4;87,2;95,3;78;99,2;95,5;90,4;85,4;85,6;89,9;86,7;90,5;82,5;111,5;82,4;86,4;89,4;81,9;88,4;84,3;68,1;77,5;101,2;82,6;88,9;84,2;91,9;83,3;95,9;64,9;98,5;87,3;99,3;96,3;104,7;97,6;104;94,6;87,2;74,2;92,1;90,5;95,9;76,4;97,2;75,4;96,8;96,5;88,6;82,5;97,6;92,4;81,7;84,7;94,8;99,3;106,3;91,5;88;81,2;94,2;83,4;101,3;100,6;100,4;91,7;88,6;89,3;88;91,9;92,5;89,7;109,9;91,6;92,4;89,1;94;95;94,8;112,1;94,5;91,2;99,7;94,1;85,8;82,3;92,6;93,7;91,6;88,5;97,3;99,1;96,8;98,6;97,4;97;97,1;96,6;98,4;96,9;96,6;96,6;98,4;96,6;92,3;96,7;85;93,8;82,6;99,9;100,3;102,7;108,9;98;91,5;94,8;90,1;105,9;99,8;101,8;94,9;96,3;93,7;92,8;92,3;91,5;93,2;90,4;96,2;85,9;80,5;79,2;83,7;93,9;96,2;97,3;82,9;124,5;92,7;120,9;100,3;101,2;92,5;103,9;94;96,7;106,8;91,6;93,1;85,6;93,6;95,6;97,7;100;99,5;85,6;94,6;110,3;90,9;89,1;90,8;93,1;102,6;98,3;108,5;96,6;111,4;91,1;96,1;86,2;100,9;98,6;88,9;91,6
2019/11/30;96,8;91,5;89,7;78,8;89,1;89,4;93,3;103,8;95,8;87,1;86,4;91,1;99,2;83,7;95,1;91,3;102,3;100,7;94,7;87,6;86;65,2;79,6;82,3;89,5;82,4;80,2;91,7;85,7;86,7;87,8;86;87,7;87,2;88,1;90,8;96,7;97,5;94,4;93,3;98,5;87,6;90,4;91,7;98,5;88,1;94,8;79,6;98,7;94;90,8;86,2;85,4;91;86;88,3;83,6;116,3;83,5;85,2;89,6;82,8;86,6;86,4;68,9;82,7;102,7;84,2;88,9;87,2;93;83,9;95,5;68,8;94,1;87,3;103,2;96,1;88,2;98,1;104,7;90,9;87,4;74;92,1;89,3;93,4;76,4;96,6;80,7;94;96;89,7;83,9;97,4;93,4;81,6;84,8;95,4;98,7;107,1;91;91,5;83,2;95,3;84,3;100,8;99,2;102,5;91,8;86,9;88,3;89,4;91,7;91;88,8;111,7;91,8;92,5;88,4;93,6;95,5;93,6;113,2;94,7;89,9;100,1;93,6;85,5;82,2;92,5;93,8;91,5;88,6;97,5;99,1;97,1;98,8;97,5;97;97,1;96,6;98,4;96,9;96,6;96,6;98,4;96,6;92,2;97,4;85;93,9;82,6;100,1;100,2;102,6;109,1;98,2;91,6;94,8;91,3;104,7;99,1;102,6;95,9;96,9;93,7;92,9;92,3;91,5;93,2;90,8;96;85;79,9;78,6;83,5;93,9;96,2;97,3;83,1;129,3;92,7;119,8;100,3;100,4;92;103,1;95,2;94,1;107;91,6;93,9;86,6;94;95,6;97,7;100;103,9;85,7;94,3;111,1;90,9;89,1;90,8;93,9;103;98;108,4;96,6;112,2;91,1;96,1;86,2;100,9;98,6;88,9;91,6
2019/12/31;96,5;90,7;89,2;80,2;91;89,7;94,4;102,3;94;86,9;88,4;92;100,4;83,1;95,3;91,9;101,5;100,2;96,1;90,1;87,1;64,4;80,2;81,8;90,5;82,9;83,6;91,7;86,3;87,5;86,1;86,9;88,2;87,2;90;91,2;98,2;95,5;96,2;91,9;98,2;88,5;90,1;91,9;98,9;87,9;94,1;79,3;99;94,6;90,3;86,3;86,2;90,9;86,1;91,5;83,2;112,4;83,7;83,7;89,2;80,6;87,3;86,1;69,6;86,8;103,3;85;88,3;95,4;95,2;86,6;99,6;71,9;96,6;85,5;104,7;95,7;87,2;97,8;104,7;89,7;86,6;74;92,4;89;94,8;77;98,6;82,7;95,6;97,4;89,6;86,1;99,5;93,8;81,8;84,9;96;99,1;107,6;91,8;88,2;81,5;95,2;85,5;103,5;100,2;100,2;91,7;88,1;89,7;88;91,3;93,5;88,8;109,7;91;93,4;88,4;94,7;94,7;93,1;112,5;93,7;90,8;100,3;93,1;85,5;82,3;91,8;94;91,6;88,6;97,6;99,2;97,1;98,8;97,5;97;97,7;97,3;98,6;97,3;97,1;97,1;98,6;96,8;92;97,4;85;93,9;82,6;99,7;99,9;102,3;109;98,4;91,6;93,3;92,4;104,1;99,9;102,5;96,5;95,9;94,4;92,4;92,3;91,5;93,2;90,8;95,7;85;80,6;79,6;83,1;93,9;96,2;97,3;85,7;127,7;92,7;119,7;100,3;99,5;90,4;103,7;105,1;95,5;106,1;91,5;93,2;86,6;94;95,6;97,7;100;104,4;87,4;94,4;107,8;90,9;89,1;90,8;94;101,7;97,5;108,4;96,4;111,7;91,1;96,1;86,2;98,5;98,6;88,9;91,6
2020/01/31;98,2;90,4;89,2;84,2;91,7;88,8;95,6;102,7;94,7;89,1;89,8;92;102,4;84,8;96,1;91;103,1;100;93,6;90,9;87,3;64,9;81,9;86,6;91,8;86,6;85,8;92;86,5;86,6;84,7;89;90,7;87,8;91,9;91,8;97,3;97,6;95,1;91,8;99,8;90,2;90,8;94,4;99,2;88,3;94,9;79,1;103,1;93,7;89,6;86,1;86,1;86,5;87,1;90,5;83,8;114;83,7;86,4;90,5;82,5;88,9;85,2;70,1;91,5;104,7;97,3;89,1;106,6;97,2;88,6;102,4;78,9;95,5;81,6;104,3;96,4;94,4;98;111,1;101,1;85,7;73,8;92,8;89,4;99,2;78,5;99,2;87,5;95,1;96,5;90,5;87,5;102,7;93,3;82,7;85,9;97,7;103,4;108,9;92,3;91,5;80,3;96,3;88,2;102,3;101;101,8;91,2;90,3;92,9;92,1;92,6;95,4;91,7;113,6;91,4;94,5;88,9;95;96,4;94,9;114,3;94,7;91,7;100,8;93,7;88,2;84,3;91,7;94,1;91,6;89,4;97,9;99,3;97,2;98,8;97,5;97,2;97,7;97,3;98,6;97,3;97,1;97,1;98,6;96,8;92,7;97,4;85;93,9;82,6;100,3;99,8;102,8;108,9;100,3;92,3;95,5;92,3;105,2;100,2;102,3;96,8;96,1;94,4;93;92,3;91,5;93,2;91,7;95,6;85;80,4;79,2;83,3;92,8;96,1;97,3;83,4;115,4;95,7;119,8;100,3;99,8;91,7;102,2;91,1;98,2;106,3;92,1;93,9;87,7;96;95,6;97,7;100;102,2;89,4;86,2;105,7;90,9;89,1;90,8;94,5;99,9;98;108,3;97,1;112,1;91,1;97,2;86,2;98,5;98,9;94,1;91,8
2020/02/29;98,2;91,6;89,8;85,3;92,4;89,7;93,1;102,3;94,2;90,8;90,3;91,6;103,6;84,8;95,8;91,5;104,2;100,2;96,6;91,9;88;64,5;82,2;85,7;90,8;86,6;85,1;91,9;87,7;86,5;85,1;88,1;91,6;88,3;93,8;92;99,2;99,3;95,3;89,8;98,9;91;91,5;93,7;99,5;88,6;96,2;79,1;100,4;95,9;89,5;86,9;86,2;89,3;86,5;89,3;84,4;111,6;85;87,4;89,8;82,9;89,2;86;71,4;94,4;107,1;99,8;89,2;107;105;93,6;105,1;82,8;102,4;82,8;95,8;95,4;96,9;98,8;110,2;98,5;85,7;74,3;93,8;93,2;101,7;80,6;96,9;91,5;97,1;98,4;92,4;88,4;102,4;94,1;83;86,6;98,8;103,8;107,7;94,7;91,4;82,5;97,8;88,7;105,2;100,7;102,5;91,4;90,2;92,1;91,3;93;95,2;91,4;111,1;93,4;95,3;88,9;94,6;96,1;94,9;116,2;95;92,1;100,4;95,1;88,2;83,8;92;94;91,6;90;98,3;99,7;97,3;99;97,6;97,4;97,7;97,3;98,6;97,3;97,1;97,1;98,6;96,8;92,8;97,4;85;94,1;82,6;99,9;99,8;102,3;108,6;98,2;92,1;95,6;93,2;104,7;99,8;101,6;96,5;96,6;94,4;94,4;96,7;95,9;96,5;92,3;95,5;85,5;79,9;78,6;83,2;92,9;96,6;97,3;83,5;121,5;95,7;119;100,3;97,8;92,6;101,5;99,8;98,8;105,9;91,6;93,9;88,1;95,9;95,6;97,7;100;98,2;89,4;92,6;107,7;90,9;89,1;90,8;95;100;98,5;108,3;97,1;111,7;91,1;97,2;94;98,5;98,9;94,1;91,8
2020/03/31;97,7;91,9;90,1;85,3;91,6;90,1;95,3;103,9;97,8;89,9;90,7;92,4;101,1;84,9;96,1;91,9;102,7;99,6;95,7;92;88,8;64,9;83,5;86,1;89,8;87,6;85,3;91,9;87,6;87,6;85;88,4;90,8;87,6;93,1;91,6;98,9;99,4;93,9;92,5;97,5;91,3;92;94;100,1;89,3;95,8;78,3;99;96,1;91,7;86,9;87,5;89,6;87,4;90,2;84,2;110,6;85,1;85,1;90,3;82,8;86,7;85,2;71,7;101,9;105,8;103,8;91,3;107,9;110,2;96;107,8;85,1;101,7;82,2;94,2;93,9;98,8;99;114,1;104,3;84,1;73,9;93,9;92,6;100,8;81,3;96,9;85,7;95,3;98,7;92,9;88,2;101,7;95;83,1;86,4;99,4;103,2;110,6;93,9;90,9;83,9;97,8;88,7;104,8;100,2;100,9;91,4;90,1;92,3;93,3;92,1;93,1;90,1;112,8;93,2;93,9;88,9;94,7;95,8;96,1;116,1;96,4;94,2;101,4;95,6;89;85,5;92,4;94,4;94,2;91,1;98,4;100;97,4;99;97,7;97,5;98,1;97,6;99,4;97,6;97,5;97,5;99,4;97,6;92,9;97,4;85;94,3;82,6;99,2;100,1;102,3;109,6;97,8;93;96,6;93,2;104,7;99,7;99,6;97;97,4;95,6;95;96,7;95,9;96,5;92,3;95,5;86,9;78,6;77,6;81,1;92,9;97,6;97,3;82,9;116,1;95,7;117,2;100,3;96,9;95,8;101,5;95,8;98,5;104,4;91,9;94,1;87,4;95,9;95,8;97,7;100;103,1;89,5;93,8;105;97,6;95,9;95,1;95,2;99,3;98,7;108,4;97,5;110;97,1;97,2;94;97,4;98,9;94,7;91,8
2020/04/30;92,7;93;92,6;86,2;91,4;90,1;95,3;104,4;96,4;90,3;90,9;92,1;97,6;91;94,8;91,3;102,5;99,6;97,4;93,1;90,5;74,3;90,6;86,1;87,7;87,5;90,2;92,4;87,8;87,1;85,8;88,7;90,9;94,1;92,4;91,6;98,9;95,3;89,3;93,2;97,5;90,6;92,9;94,2;92;89,9;94,9;78,9;98,2;96;90,4;87,1;89,1;94,1;88,3;91,1;83,4;107;89,5;85;93;83,4;87,7;87,4;72,5;103;96,9;103,5;88,2;108,5;110,2;99,7;107,8;85,1;101,3;82,7;94,2;93,9;98,8;98,8;114,1;104,3;87,9;75,4;92;93,2;98,7;80,9;94,9;87,2;94,2;101,1;92,7;88,6;98,5;95,3;83,2;92,5;98,2;102,2;95;92,9;92,5;84,7;95,2;88;99,9;99,6;94,8;91,7;80,6;92,3;93,3;98,1;91,4;95,4;110,2;94,1;93,8;89,1;94,4;97,5;96,5;114,4;95,7;93,6;100,8;95;88,5;85;91,8;93,8;93,6;90,6;97,8;99,4;96,9;98,4;97,1;96,9;98,1;97,6;99,4;97,6;97,5;97,5;99,4;97,6;92,4;97,4;85;94,3;82,6;77,9;99,5;101,7;108,9;97,1;92,4;96;92,6;104,2;99,1;98,9;96,7;98,1;95,6;95,1;96,7;95,9;96,5;91,7;94,9;86,4;69,9;68,4;73,5;92,4;97,4;96,8;82,8;115,5;95,5;116,5;100,2;98,4;95,3;100,9;95,3;97,9;103,7;94,3;93,6;87,1;95,4;95,2;98,7;100;102,5;89;85,8;104,5;97,6;95,9;95,1;94,7;98,7;97,7;107,6;96,7;109,1;97,1;97,2;94,4;97,4;98,9;94,7;92,5
2020/05/31;92,8;93,2;92,7;89,7;90,6;90,1;93,8;104,4;98,3;86,3;91,7;92,1;96,4;94,3;102,1;92,7;102;99,6;83,6;95,3;90,5;81,8;86,7;84,2;91,8;87,5;86,3;93,3;88,1;87,9;90,7;80,8;90,6;92,9;94,7;91,6;98,7;91,3;90,7;93,8;97,1;91,3;95,5;97,2;103,3;92;87,3;84,1;97,2;96;92,2;88,3;90,5;95,7;90,2;93;95,9;99,5;94,3;86,6;96,2;86,4;87;92,4;73,5;102,9;99,9;108,9;87,8;104,7;109,1;99,7;107,8;85,5;92,8;82,1;96,3;95,7;98,8;103,5;114,1;104,3;92,4;76,8;92,4;93,2;95,6;80,9;91,9;87,2;94,2;97,7;93,5;88,9;97,6;94,7;81,3;91,5;96,6;104,2;95;95;94,7;85;86,2;88,9;98,6;99,8;90,2;95,9;90,1;95,6;87,3;94;91,4;94,8;111;91,1;95,3;89,8;93,4;97,5;88,3;107;95,2;93;100,3;94,5;88;84,5;91,3;93,2;93;90;97,2;98,8;96,3;97,7;96,6;96,3;98,1;97,6;99,4;97,6;97,5;97,5;99,4;97,6;91,9;98,6;85;94,4;82,6;89,7;99;101;108,2;96,6;91,8;95,5;92;103,5;98,6;98,3;95,2;95,4;95,6;94,7;96,9;95,9;96,6;91,2;94,3;85,8;61,4;59,7;65,6;92,2;97,6;96,1;82,7;114,8;96;116,5;100;98,2;94,7;104,7;94,7;97,3;103,1;95,5;93;86,8;94,8;94,6;98,7;100;101,5;90,4;95,7;103,8;97,6;95,9;95,1;94;98,2;97,3;107,2;96,4;108,8;97,1;97,2;94,4;97,4;98,9;94,7;92,5
2020/06/30;98,3;95,3;94,5;92,3;94;90,9;87,9;103,8;98,3;89,4;91,7;92,1;96,4;93,1;97,8;93,5;93,5;99,6;94,8;91,5;90,6;83,6;87,5;84,4;89,3;87,4;86,3;94,2;89,1;88,7;90,6;83,5;92;95,8;91,9;91,6;99,4;89,9;91,8;96;99,2;91,3;95;97,9;103,3;93;94,9;85,7;98,4;94,4;92,5;89;90,3;91,6;89,9;93,6;94,9;96,7;94,4;88,2;96,2;87,7;86,6;90,9;73,5;95,2;98,7;98,3;90,2;103,9;104,5;92,9;107,9;88;90,8;82,2;97,5;95,7;111,6;101,5;106,6;100,5;91,2;79,7;88,7;93,2;95,4;80,9;88,3;84,6;94,2;95,9;93,5;89,8;98,1;94,4;88,6;94,8;98,2;100,5;95;94,9;92,6;86,4;100,8;90;101,6;99,8;95,3;92,7;94,6;97,9;94,8;92;91,4;96,6;112,1;89,5;95,4;93,7;93,7;96,8;97,8;104,4;95,7;93,5;100,8;94,9;88,5;84,9;91,8;93,7;93,5;90,5;97,4;99,1;96,4;98;96,8;96,4;98,2;97,7;99,6;97,5;97,6;97,7;99,6;97,3;91,7;98,6;85;94,4;82,6;90;99;99,8;101,6;95,2;93,1;95,9;93,7;100,6;98,6;98,9;95,6;94,9;96,9;94,4;96,9;95,9;96,6;92,3;94,3;91,4;66;65,7;66,8;93,7;98,4;96,1;82,8;115,4;96,1;123,3;100;98,9;95,8;106,5;93;97,3;103,1;96;93,3;87,1;95,2;94,6;98,7;100;99,2;90,6;93,9;104,4;97,6;95,9;95,1;94,2;98,6;97,2;107,2;96,5;108,8;97,1;97,2;94,4;97,6;98,9;94,7;92,5
2020/07/31;95,9;97,3;96,6;91,6;93,1;90,1;85,6;102,9;99,5;90,7;92,9;94,6;94,6;91,6;95,9;94,5;92,8;98,5;95,8;95,6;90,9;83,4;87,1;85,4;90,4;88,3;96;93,8;87,4;88,5;91,3;83,8;91,4;94,9;90,4;91,2;97,6;91,7;93,1;93,5;101;93,2;94,4;98,5;101,3;95,2;94,3;85,7;98,2;95,4;93,3;89,3;92,7;93;89,3;93,1;94,8;102,1;94,6;89,9;96,1;86,7;87,4;89,2;73,6;92,8;96,9;100,9;90,6;112,5;106,4;96,9;98,2;93,1;93,5;84,6;101,1;95,7;111,6;100,4;105,7;103,2;92,1;78,6;89,1;92,3;96,6;82,4;88,3;82,9;95,1;94,8;93,3;89,7;98,3;92,2;88,6;92,3;99,6;97,7;93;96;92,9;85,8;98,7;90,3;99,8;100,9;92,4;91,6;99,9;97,6;93,2;95,5;94,1;93,2;114,3;90,4;95,4;94,9;93,7;96,9;98;105,5;95;95,8;100,8;94,9;92,3;84,9;91,8;95,1;94,7;91,7;97,2;98,9;96,6;98,1;96,8;96,4;98,2;97,7;99,6;97,5;97,6;97,7;99,6;97,3;92,4;98,6;93,4;96,5;87,7;91,5;99;99,1;102,8;100,6;94,5;96,7;94,1;102,5;99,1;101,5;94,6;94,4;96,9;95;96,9;95,9;96,6;93,5;94,4;92,4;74,3;74;75;93,7;98,4;96,1;85,1;116,9;96,3;121,4;100;99;95,8;104,2;90,4;97,3;105,5;95,9;94,5;86,5;96,5;95,9;98,7;100;98,9;90,9;96,6;105,7;97,6;95,9;95,1;94,4;99,8;96,3;107,2;96,3;108;97,1;97,4;94,4;97,6;100;95,5;99,4
2020/08/31;99,2;97,6;96,4;92,7;93,2;91;86,6;101,2;99,8;93,1;93,3;94,6;95,7;92,5;97,6;93,6;91,7;98,5;94,2;95,3;90,1;83,3;87,5;84,9;91;89,4;97,3;93,7;86,3;85,8;91,4;83,6;91;93,4;93;91,4;98,3;93,1;94;92,4;100,7;92,8;94,8;98,9;100,1;95,3;94;86,6;96,1;96,1;94,4;90,2;93,1;93,5;90,6;93,3;95,2;103,5;94,7;88,9;94,8;87,6;90,6;89,7;74,1;94,7;95,9;100,5;91,6;114,6;104,5;94,4;99,7;91;92,2;89,1;106,5;94,6;115,6;102,4;102,5;104,5;91,4;78,9;90,2;92,9;96,5;83,4;88,6;86,1;95,9;96,4;93,5;90,9;97,6;92,4;88,9;92,3;100,3;98,1;91,5;97,6;93,7;87,9;98,9;91;98,9;100,1;93,1;92,9;99,9;98,3;93,8;95;91,4;92,2;111,5;90,9;95,3;94,6;93,4;96,8;98,9;104,9;95;97,2;100,8;96,1;92,9;92,3;93,5;95,1;94,9;91,8;97,5;99,1;96,8;98,1;97;96,5;98,2;97,7;99,6;97,5;97,6;97,7;99,6;97,3;93,6;98,6;93,6;97,2;87,7;90,9;100,2;98,6;103,4;101,4;96,3;96,6;94,3;102,7;98;100,7;94,8;94,5;96,9;95,3;96,9;95,9;96,8;93,7;94,4;92,9;75,1;74,3;77,1;93,7;98,9;96,1;85,1;117;96,2;120,5;100;99;95,2;103,3;88,2;97,3;106,5;95,3;95,2;87,2;96,6;96,1;98,7;100;99,3;91,1;97,2;105,8;97,6;95,9;95,1;94,4;100;96,8;107,3;95,6;105,8;97,1;97,4;94,4;97,6;100;95,5;99,4
2020/09/30;98,5;97,4;96,6;94;94,5;91,3;88,7;107,2;103,4;94,3;97,8;94,2;96,9;93;98,5;94,6;91,6;96;91,8;96,2;90,3;83,3;88;85,6;91,6;89,6;99,3;93,1;85,5;86,5;92,1;83,7;90,5;92,9;97,2;91,6;97,1;95,5;93,8;94,8;100,4;93,5;94,3;99;102,7;94,9;94;87,8;96,9;97,3;96,2;90,8;92,7;94,7;90,9;93,8;93,9;100,7;95,6;90,9;94,3;86,6;89,4;91,5;73,2;91,5;96,9;98,8;92,2;114,8;105,9;98,5;97,6;84,2;92,5;94,6;105,7;94,9;118;100,6;103,7;106,8;93,4;80,7;90,2;93,1;95,9;84,7;91,3;96;96,1;96,5;95,3;92,1;98,9;93,1;91,5;93;99,9;97,7;91,1;99;94;87,8;99,1;90;96,7;100,8;95,3;94;99;99,1;92,6;96,6;94,5;95,3;112,7;91,6;96,1;95;92,6;95,4;98,6;105,6;96;97,2;100,7;95,6;92,8;93,5;93,5;95,1;97,7;89,7;97,6;99,2;97;98,2;97,1;96,7;98,5;98;100;98;97,9;97,8;99,9;97,8;93,8;98,6;93,6;97,2;87,7;90,3;100,2;98,8;104,2;102,2;97,1;97,2;96,1;104,6;98,9;100,7;95,3;94,6;97;95,2;96,9;95,9;96,8;94,1;94,5;93,4;74,9;74,4;76,6;93,7;99;96,1;87;105,6;96,2;119,3;100;99,3;98;103,1;94;96,6;106,3;95,3;95,4;87,7;96,6;96,1;98,7;100;97,2;94,1;97,6;105,2;97,6;95,9;95,1;94,4;97,6;96;107,8;94,7;105;97,1;97,4;94,4;97,5;100;95,5;99,4
2020/10/31;100,4;98,1;97;94,5;94,2;92,1;92,1;107,7;104,3;94,8;98,1;94,5;94,1;91,1;98,3;94,6;93,1;95,6;92,9;95,6;91,4;84,2;90;89,2;94,5;91,1;97,4;93,7;86,6;87,9;92,7;85,1;89,6;93,2;97;92,7;98,2;95,1;96,5;95;100,2;93,8;94,7;99;102,3;94,7;95,1;88,5;97,1;96,2;96,2;90,3;93,4;93,2;92,4;94,2;95,9;103;94,4;89,3;94,9;90,9;91,9;93,9;74,7;97,4;98,7;100,1;92,1;108;102,1;97,2;98;89,8;99,1;110,8;108,6;97,2;103,6;101,2;102,6;99;93,9;84,6;90,9;93,1;94,5;86,5;98,9;104,8;97,4;96,4;96,4;94;98,6;94,6;92;94,5;100,8;95,4;91,8;100,2;94,1;88;98,9;91,2;97,7;101,5;92,4;94,9;98,9;99,3;94,3;96,5;94,5;99;113,5;92,9;96;95,8;94,8;95,7;98,2;105,3;95,1;96,8;100,8;95,3;92,2;93,4;93,9;95,1;98,9;91;97,7;99,2;97;98,2;97,3;97;98,5;98;100;98;97,9;97,8;99,9;97,8;94,4;98,6;93,6;97,2;87,7;88,5;100,6;98,3;103,9;102,2;97;98,3;97,7;105,5;100,4;98,3;95,3;95,2;97;95,5;96,9;95,9;96,8;95;94,5;93,6;73,1;73;73,3;93,7;99,2;98,3;87,5;107,9;96,2;118,8;100;99,9;98,3;102,8;94,1;96,8;105,4;95,3;96,1;89,6;96,8;96,1;98,7;100;99,8;96,2;97,6;106,2;97,6;95,9;95,1;94;99,3;96,9;107,6;96;104,6;97,1;97,4;94,4;97,5;100;95,5;99,4
2020/11/30;101,2;98,7;97,9;94,9;94,7;92,9;93,2;108;105,2;96,5;96,6;95,1;98,6;93,6;98;96,4;94,7;97,6;96;95,3;93,9;86,3;92,4;89,3;97;92;100,7;91,9;87,1;87,5;92,7;88,3;90,3;94,4;96,6;94,7;97,5;98;96,7;95,3;100,4;93,4;94,1;99;101,8;94,6;94,7;89,3;96,8;95,9;96,6;91;93,7;94,5;92,8;94,8;94,1;99,3;96,6;92,1;94,6;89,3;91,8;92;75,3;101,2;99,3;105,2;92,9;105,3;97,3;98;100,3;87,4;97,7;110,5;113,9;98,3;95,3;100,7;99,6;96,8;94,5;88,3;92,5;95;94,2;87,8;101,3;114,2;97,8;96,1;96,2;93,6;101,8;96,9;91,7;96,2;102,1;96;91,2;100,2;96,8;87,5;99,3;91,4;93,7;102,2;95,2;95,5;98,4;99,1;93,8;97;96,6;98,4;112,1;93,1;96,5;95,6;96,8;96,9;99,1;105,2;95,8;96,4;101,1;94,6;92,3;92,4;93,5;95,3;96,7;91,8;98;99,4;97,2;98,3;97,5;97,4;98,5;98;100;98;97,9;97,8;99,9;97,8;95;98,6;93,6;97,2;87,7;87,5;100,8;98,1;102,4;101,8;97,7;101,2;99,1;105,7;99,6;100,3;96,7;95,5;97;95,3;96,9;95,9;96,8;94,8;94,6;94,5;71,6;71,6;71,5;93,7;99,2;98,3;88;98,8;96,2;116,5;100;102;97,2;100,5;92,8;96,5;105,8;95,8;96,4;91,9;96,8;96,1;98,7;100;99,3;96,7;97,9;106,3;97,6;95,9;95,1;94,3;101,8;97,2;107,6;96,5;104,7;97,1;97,4;94,4;97,5;100;95,5;99,4
2020/12/31;101,8;98,8;97,8;95,7;95,6;93,9;93,4;107,6;105,4;96,6;97,8;94,6;100,2;94,2;97,9;96,9;96,7;100,4;97,7;95,9;95,8;86,4;94,1;91,9;98,7;92,4;96,4;92,8;87,9;88,1;92,3;89;92,4;95,3;94,9;96,3;98;97,6;96,9;97;100,6;95,4;94,8;98,5;102,3;95;93,8;90,2;96,8;96,4;96,7;91;92,9;94;93;95;94;100,3;96,6;92,1;94,7;89,6;90,7;92,8;77,5;95,6;101,4;106,4;93,4;110,4;99,7;95,3;99,2;84,8;94,6;97,6;105,9;98,8;85,7;99,7;98,2;93,9;95,5;90,5;92;94,9;94,6;88,4;97,8;115,9;97,8;96,5;95,6;94,7;102,7;97,8;93;96,6;102,1;98,4;91,5;100,2;96,8;89,7;101;91;94,9;100,5;97,6;95,1;98,3;98,8;93,8;98,1;97,4;98,3;110,7;93,1;96,6;95,4;97,3;96,4;98,8;106,3;96,1;96,8;100;95,1;91,7;92,3;93,5;95,5;96,5;91,6;98,1;99,6;97,4;98,5;97,5;97,7;98,9;98,2;100,5;98,7;98,2;98,1;100,4;98,5;94,6;98,6;93,6;97,3;87,7;87,4;100;98,1;101,6;100,8;97,5;100,4;99,6;105,3;98,8;100,9;96,8;94,8;97,5;95,7;96,9;95,9;96,8;95,2;95,1;94,6;71,2;71;71,7;93,6;99,2;98,3;89,9;98,4;96,2;114,1;100;101,6;97;101,3;91,7;96,5;105,7;96;95,5;92;96,8;96,1;98,7;100;97,2;97;98,2;108,6;97,6;95,9;95,1;95;98,2;97,2;106,9;96,2;103,5;97,1;97,4;94,4;98,3;100;95,5;99,4
2021/01/31;102,6;99,1;97,4;97,1;96,2;95,9;93,8;109,1;105,2;95,8;99,1;96,5;99,4;94,9;98,4;99,2;98,1;102,6;99;96,2;97,1;87;95,9;95,5;101,1;93,2;99,3;93,5;89,9;90;92,9;87,6;94,2;95,6;94,4;96,4;96,3;99,4;97,4;93;100,3;95,7;94,6;98,3;101,5;95,2;94,9;91,4;97,2;97,1;97,5;91,9;93,6;91,9;93,8;96,2;96,6;101,9;95,5;89,9;94,6;88,3;91,7;91,9;79,6;97,7;104;107,2;94,6;117,8;99,2;93,7;110,8;95;92,2;86;97,1;98,3;90,1;100,2;101;94,7;96,6;91,5;93,6;95,5;97,5;88,1;92,1;120,8;100,6;96,7;95,7;96;102,7;97,5;93;97,2;102,7;98,9;93;99,8;97,6;87,6;100,2;91,8;93,2;100,5;95,9;95,3;98,7;101,2;96,4;98,1;97,4;102,8;113,3;93,3;97;95,2;97,1;95,8;98,1;106,5;96,4;97,1;100,3;95,4;92;92,6;93,8;95,8;96,5;88,2;98,3;100,2;97,8;98,6;98,6;98,1;98,9;98,2;100,5;98,7;98,2;98,1;100,4;98,5;95;98,6;93,6;97,3;87,7;85,2;100,6;100,4;102,8;101,6;97,9;99,9;98,5;104,2;98,4;100,5;97,7;94,5;97,5;96,6;96,9;95,9;96,8;95,8;95,1;95,3;73,5;73;74,5;98,6;99,2;98,3;88,5;78,2;100,3;113,9;100;102;98,6;100,3;93,4;98,5;105,9;95,8;95,9;92,2;96,7;96,1;98,7;100;95,9;97,4;88,9;107,3;97,6;95,9;95,1;95,2;99,1;96,8;107,7;97,2;103,5;97,1;99,7;94,4;98,3;100;96,9;99,7
2021/02/28;103,4;98,9;97,4;94,1;94,3;96,8;95,2;106,3;102,5;94,6;98,7;96,5;100,8;93;98,7;96,9;100,5;104,5;96,5;95,7;97,1;87,4;94,3;94,5;100,5;93,9;98,5;93,1;88,8;91,9;92;86,1;96,7;94,8;93,8;96;95,4;97,1;96,9;96,4;100,3;98;95,4;97;98,3;97,1;94,9;92,9;93,9;96,9;98,8;94,4;94,2;96,8;93;96,2;96,2;96,4;96;95;96,5;90,1;88,6;95,7;80,8;95,8;105,1;111,5;94,8;126,3;102;95,5;124,5;101,6;95,1;83,6;95,8;98,1;102,1;101,2;101,1;94,4;96,8;93,8;93,8;97,9;95,1;89,9;91,1;117,3;100,3;96,5;97,4;97;101,2;97,9;93,8;97,9;100,7;99,6;93,8;98,4;97,2;87,7;103,8;90,3;94,2;100,8;97,2;93,5;98,7;102;97,3;98,8;97,4;102,8;110,7;93,8;97,3;95,8;97,3;97,3;99,3;103,3;97,1;97,8;101;96,2;92,7;93,3;94,5;96,5;96,5;88,2;98,5;99,4;97,9;98,9;98,8;98,3;98,9;98,2;100,5;98,7;98,2;98,1;100,4;98,5;95,6;98,6;93,6;97,4;87,7;88;99,8;99;98,8;99,5;98;101,2;100,4;103,6;98,2;101,7;97,5;95,5;97,5;96,2;99,8;100;99,8;96;95,5;95,6;77,3;77,1;77,9;99,1;99,2;98,3;88,6;81,4;100,4;113,2;100;101,2;101,1;100,1;93,6;103,5;102,8;96,5;96;92,5;96,9;96,1;98,7;100;98,7;97,7;88,6;105,4;97,6;95,9;95,1;95,6;97;97,1;107,7;99,7;101,8;97,1;99,7;98,3;98,3;100;96,9;99,7
2021/03/31;102,8;98,9;96,5;95,4;96,5;96,8;96,3;106,7;103,8;94,6;100,1;98,3;98,8;94,7;98,5;99,2;100,6;105;97,9;97,3;97,9;90;95,6;94,1;97,6;92,9;100,3;94,1;90,4;92,2;94;86,7;96,7;94,9;93,6;95;96,9;97,4;98;95,2;99,5;100;97,5;97,7;99,6;97,8;94,8;93,9;96,7;96,2;99,1;95,6;94,6;95,8;93,8;96,8;97,7;98,4;93,7;94,4;98;91,1;91,9;95,8;83,4;102,3;102,3;102,5;95,6;133,9;109,5;99,2;122,9;111,7;109,2;81,9;101;98,4;101,2;101,1;117,5;109,7;98,4;96,1;92,9;97,5;96,8;92,3;94;112,2;98,7;97,1;97,2;97,9;98,7;98,1;93,6;98,6;100,7;99,7;93,5;99,4;99,9;93;102;89,8;95,7;99,2;95,2;94,5;99,4;102,9;98;98,3;96,5;103,3;111,6;94,5;97;95,9;97,9;97,3;99,8;103,2;98,7;99,7;101,6;97,4;93;94,6;94,8;96,4;98,7;93,5;98,7;99,5;98,3;99,1;98,8;98,5;98,7;98,2;100,2;98,2;98;98;100,1;98;96,6;98,6;93,6;97,5;87,7;90,4;100,5;99,1;98,4;99,6;97,6;100,2;100,4;103,4;98,1;102;98,1;95,2;97,5;97,4;99,8;100;99,8;96,4;95,8;96,6;80,5;80,3;80,7;99,3;99,9;98,3;90,5;83,6;100,9;113,4;100;101,1;103,8;100,8;92,3;101,7;101,3;96,6;96,6;93,5;97;96,1;98,7;100;97,7;97,9;96;105,8;100;100;100;95,9;97,9;97,1;107,9;101;101,2;100;99,7;98,3;97,7;100;99,6;99,7
2021/04/30;102,2;98,1;96,5;97;97,5;96,9;95,1;105,5;101,7;94,4;100;98,5;99,8;93,4;99;100,6;101,5;105;98,5;97,7;98,2;92,2;95,6;96,5;99,2;94;97,3;96,1;93,3;93;92,9;86,6;95,2;95,8;92,2;95,6;98,6;98,4;97,5;94,5;100,3;99,7;98,9;99;101,5;99,1;97,1;94,4;97;98,5;99,6;95;94,7;97,8;93,6;98,3;99,4;98,3;94,9;96;98,8;92,1;93,3;98,4;88,2;106,2;99,9;97,9;95,9;116,8;105,5;105,5;113,1;106,8;126,6;88,6;108,6;98,6;101,1;100,6;123,6;117,2;99,5;95,8;92,8;97,4;96,7;94,1;93,6;106,3;96,7;97,2;98,2;98,8;99,6;97,2;94,1;98,3;101;100,9;94,6;98,2;96,8;92,9;100,6;90,9;94,8;100,9;96,3;94,9;101,7;102,9;98,3;98,5;97,4;102,2;111,5;94,1;97;95,8;97,7;98,1;100,3;103,4;99,4;100,7;100,8;98,4;93,5;94,9;95,4;97;98,8;95,9;98,9;99,5;98,5;99,2;98,9;98,6;98,7;98,2;100,2;98,2;98;98;100,1;98;97,2;98,6;93,6;97,5;87,7;91,3;100;98,8;98;99,2;97,6;98,2;99,3;103,6;98,3;102,7;98,5;95,5;97,5;98,4;99,8;100;99,8;96,7;96,2;97,2;84,8;85,2;84;99,3;99,9;98,3;91,4;80,6;101,8;111;100;99,8;105,1;100,1;93,6;105,1;101,3;96,7;97,2;94,5;98,7;96,1;100;100;97,6;99,4;95,8;103,6;100;100;100;96,9;99,8;97,2;107,9;101,3;101,2;100;99,7;98,8;97,7;100;99,6;100
2021/05/31;101,8;98,5;96,9;98,9;99,4;96,2;95;103;100,9;96;100,7;98,4;99,5;93,4;98,1;101;100,7;105,5;96;95,8;98,4;96,1;96,5;97,2;99,1;95,5;96,8;96,1;93,1;97,8;94,5;87,2;96,2;95,4;91,9;98,1;98,2;96,7;97,7;94,9;100,4;99,2;100,7;100,5;102,9;99,9;98,1;95,3;98,8;99,3;101;97,8;97,3;98,9;96,9;99,4;98,9;100,2;96;98,7;100,3;93,6;95;96,6;95,7;103,7;95,4;92,9;94,9;104,6;101,3;106,8;103,1;94,7;120,1;90,3;106,6;98,3;99,7;100;121,3;117,4;98,2;97,6;91,5;99;94,9;92,9;94,1;102;98,3;98,4;98;99,1;101,5;97,8;94,7;98,4;100,1;101,3;94,8;96,9;97,6;93,1;102,1;92,7;95,1;100,8;97,2;95,5;101,4;103;98,1;98,5;96,9;102,2;111,3;93,3;97,5;95,9;97,8;98,6;99,6;102,1;99,9;100,7;99,7;99;94,7;95,6;96;97,1;99,1;96,9;99;99,6;98,7;99,3;99;98,7;98,7;98,2;100,2;98,2;98;98;100,1;98;97,5;99,8;93,6;97,5;87,7;90,9;98,1;98,1;97,3;98,9;97,5;97,9;99;103,7;99,3;102,6;98,8;95,4;97,5;98,7;99,8;100;100,1;97,4;96,7;99,3;84,3;84,7;83,3;99,4;99,8;98,3;91,4;69,9;101,8;109,7;100;99;106,9;99,9;93,6;103,8;101,5;97,5;97,8;93,9;98,7;96,1;100;100;97,2;99,7;96,4;101,8;100;100;100;97,3;98,7;97,5;107,3;100,8;100;100;99,7;98,8;97,7;100;99,6;100
2021/06/30;102,6;98,5;96,3;100,1;100,3;95,9;94,8;103,4;100,6;97,9;100,7;98,3;99,2;92,2;98,3;100,7;101;106,1;97,9;97,3;98,7;97,9;96,7;98,5;98,7;97;97,3;96,9;94,1;97,6;95,5;87,4;96,3;95,9;92,9;97,7;98;95,8;98;95,3;101,4;100,1;101,2;101,1;104,3;100,9;97,5;94,9;97,8;99,4;101,2;98,3;97,7;99,9;98,4;99,8;100,5;101,1;96,6;100,7;100,8;95,6;96,3;97,4;96,9;98,9;94,6;88,8;95,8;102,2;101;105,7;99,2;91,2;102,6;91,4;102,5;99,4;101,3;100,6;115,1;106;98,9;98,4;91,5;99,1;97,5;94;96,6;95,6;97,9;98,1;99;99,1;100;99;96;97,7;100,6;99,5;96,1;99,6;98,7;93,6;102,4;93,1;96,1;100,4;99,5;95,9;102,4;103,9;97,9;98,8;98,7;102,5;109,7;93,7;97,7;95,5;98,1;98,3;100,4;102,9;99,6;101,1;99,7;99;94,4;95,7;95,9;96,8;99,4;98,8;99,1;99,7;98,9;99,4;99,1;98,8;99;98,7;100,1;98,5;98,6;98,6;100;98,5;98,3;99,8;93,6;97,5;87,7;90,9;100;100,1;97,1;98,4;98,4;98,2;98,4;103;99;103,9;98,9;95,5;98,2;99;99,8;100;100,1;97,6;97,2;99,2;84,1;84,2;83,9;99,8;99,8;100;92,9;79,5;101,8;109,6;100;99;107,5;100,5;93;104;100,1;98;99,4;94,7;98,7;96,1;100;100;93,5;99,7;96,1;102,2;100;100;100;97,5;99,4;98,3;106,6;101;99,6;100;99,7;98,8;96,1;100;99,6;100
2021/07/31;103,1;98;96,5;98,3;100,9;96,2;96,2;103,9;100,6;98,7;100;98,3;100,1;95,2;99,2;100,9;100,2;107,5;99,7;96,3;98,4;95,1;96,7;98,9;97,3;98,7;99,5;99,1;94,3;95,7;96,6;90,3;95,2;95,5;94,1;99,6;101,3;97,6;97,6;92,6;101,3;99,3;101,3;99,9;104,6;100,5;98,1;95,9;96,6;100,8;100,2;98,5;97,2;94,4;98,7;100,3;101,6;101,4;93,1;100,1;101;96,2;97;96;97,5;97,5;93,7;91,8;96,6;98,7;95,8;105,2;97,4;99,6;100;88,1;100,9;100,1;101,9;98,7;110,9;99,8;98,2;100,2;92,4;100,1;98,4;94,6;96,3;92,2;98,4;98,2;98;97,6;98,1;99,7;96,2;97,8;100;100,1;97,1;99,6;98,7;96;102,4;98;96,7;100,4;102;95,9;99,1;98,5;97,9;98,1;98,7;101,9;109,2;93,7;96,9;96,5;98,2;98,7;99,4;102,7;99,6;101,1;99,7;99;98;99,3;97,2;98,8;99,1;98,8;98,8;99,8;99;99,6;99;98,7;99;98,7;100,1;98,5;98,6;98,6;100;98,5;98,8;99,8;100;99,6;99,8;93,6;100,2;99,5;98;97,5;99,2;98,1;98,9;101;99;105,1;98;97,7;98,2;98,9;100;100;100,1;98,1;97,7;99,4;85,6;85,6;85,5;99,8;99,8;100;92,2;80,5;101,8;109,6;100;98,7;104,3;101;93,7;104,7;99,5;98,2;99,7;96;99,1;97,1;100;100;96,7;99,7;97;100,7;100;100;100;98,1;98,5;98,9;106,6;101,1;100,4;100;100;100;96,1;100;100;100
2021/08/31;102,8;96,9;96,9;99,3;99,5;96,2;95,5;97,8;98,3;98,8;100,1;98,3;99,4;96,9;98;99,5;99;107,5;100;97,2;98,1;96,6;96,8;97,9;98,5;101,3;97,4;97,6;95,8;97,5;99;93,7;98,4;95,6;98,3;99,9;101,1;94,6;98,4;98,9;100,2;99,8;100,7;99;103,2;100,4;98,7;94,3;100,6;100,2;100,4;98,6;98,8;99,7;98,2;99,6;101,1;100;95,3;100,1;99,3;95,4;98;98,9;97,1;96,4;97,1;91,9;98;103;105,6;96,6;96,2;99,6;100,4;94,8;102,6;99,9;113,5;101,4;106,9;100,5;99,1;99,5;95,2;98,8;98,6;96,3;99,2;87,8;97,5;98,2;98,8;97;99;98,4;96,3;97,5;100;97,8;97,1;101;96,8;95,2;99,9;99,3;100,6;100,5;100,5;99;99,1;100,2;98,6;97,2;99;101,1;105,7;96,6;97,2;95,8;98,7;99,2;99,9;101,9;99,8;100,6;99,5;99,7;99;100,4;98,9;99,5;99,8;98,8;99,1;100;99,4;99,8;99,8;99,6;99;98,7;100,1;98,5;98,6;98,6;100;98,5;99,3;99,8;100;99,8;100;95,6;99,2;99,2;100,5;98;99;98,6;99,7;101,1;99,8;104,2;98,4;99,4;98,2;98,9;100;100;100;98,8;98,3;99,2;89,8;90,2;88,8;99,8;99,8;100;92,2;97,9;99,8;108,5;100;98,2;103,9;101,5;93,8;102,5;102,2;99,3;99,4;96,3;99,2;99,9;100;100;98,3;99,7;98;101,5;100;100;100;98,5;98,5;99,4;103,4;99,2;100,5;100;100;100;96,1;100;100;100
2021/09/30;102;97,7;96,9;99,1;98,2;95,4;96,3;98,1;98,7;99,8;100,1;99;97,3;96,5;99,1;99,8;99,3;108,2;98,8;96,8;98,1;97,1;95,6;97,7;98,2;100,6;97,2;97,8;96,1;96,9;98,5;96,7;99;97;98,7;99;100,1;97,5;98,4;98,2;100,7;99,7;100,6;99,2;103,5;99,8;98,3;95,3;100,5;99,2;99,6;99,4;98,3;99,8;98,6;99;101,4;97,8;95,3;100,3;99,3;94,9;97,6;97,8;97,7;93,8;96,8;91;98,3;100,3;107,8;93,2;92,8;94,1;95,9;97,2;100;98;116,8;99,2;103,6;107,9;100,8;99,6;97,7;99,4;98,7;98,5;102,1;89,7;97,6;98,1;98,9;99,1;100,8;99,2;97,3;98,2;99,5;96,2;97,4;101,1;96,8;97,7;99,8;99,2;100,4;98,8;99,5;99,9;99,2;100,7;97,9;97,7;99,9;100,2;103,8;97;97,4;95,7;99;98,8;99,6;101,5;99,8;100,9;99,9;99,8;99,1;100,1;99;99,7;99,7;98,8;99,2;100;99,6;99,9;99,9;99,8;99,4;99,2;100;98,9;99,2;99,2;99,8;99,2;99,8;99,8;100;99,8;100;97,5;99,4;99,1;99,4;98,8;98,9;98,8;99,3;101,3;100,2;101,8;98,5;99;99,3;99,2;100;100;100;98,8;98,9;100,2;89,8;90,4;88,5;99,9;99,9;100;94,3;99,3;100;105,9;100;98,9;102,6;101,3;94,9;99,7;101,5;99,7;99,3;95,7;99,2;99,9;100;100;97,8;99,7;99;101,7;100;100;100;98,6;97,8;99;102,5;99,7;99;100;100;100;97,5;100;100;100
2021/10/31;102;99,2;98,6;100,3;99,9;98;100,1;99,6;98,9;98,5;99,4;99,7;97,2;96,9;96,6;100,8;98,2;102,5;98,6;97,7;97,6;96,7;96,7;97,7;98,9;99,9;96,4;98,3;98,1;99,2;98,4;98,8;99,5;97,9;100,2;98,1;101,4;99,3;99,3;96,2;100;99,5;100,7;99,7;102,4;99,8;99,5;97,7;101,4;99,6;100,2;99,4;99,4;99,5;98,7;99,9;99,9;97,7;99;99;99,1;98,3;100,2;99,7;98,5;95,1;97,4;95,9;99,1;97,4;104,3;92,4;100,2;96;108,4;108,5;103,2;98,1;118,6;99,3;102,8;103,7;100,9;100,5;99,1;99;99,3;99,3;117,8;97,3;98,7;99,7;99,1;99,3;100,9;99,1;97,8;99,2;99,7;96;97,1;102,6;98,3;98,8;98,9;99,7;100,7;100;99,8;100;100,3;101,4;99,7;98,8;99,3;101,3;101,7;98,8;98,3;98,2;99,7;99,6;100;101,5;100;100,7;100,1;99,8;100;100,2;99,6;100;99,7;99;99,6;99,7;99,8;99,9;99,9;99,9;99,4;99,2;100;98,9;99,2;99,2;99,8;99,2;99,9;99,8;100;99,8;100;99,1;100,1;98,8;100;98,6;99,6;100,4;100;101,6;100,9;100;99,2;99,5;99,3;99,8;100;100;100;99,8;99,5;100,5;90;90,2;89,3;100,1;99,9;100;94,6;98,2;100;104,2;100;99;101,9;100,4;92,8;99,1;101,3;99;100,2;97,9;99,8;100;100;100;102,5;100;99,5;99,3;100;100;100;99,4;100;99,4;101,1;99,8;100,4;100;100;100;97,5;100;100;100
2021/11/30;102,2;100,4;100;100,4;99,5;98,4;99,1;99;99;99,9;97,9;100;98,9;97,3;99,8;100,2;98,6;99,5;98;99,7;98,7;98,9;97,3;97,6;98,5;99,4;97,7;98,8;99,1;99;99,8;98,8;99;99,1;100;98,8;101,4;99,1;99,3;99,3;99,2;99,7;100,6;99,5;101,3;99,8;99,7;98,9;100;99,6;100,4;99,4;98,6;99,8;98,4;100,1;99,2;99,1;100,7;100,5;99,6;99,2;98,9;97,3;98,4;98,2;97,6;97,9;99,6;100,2;99;99,4;103,1;100,7;101,8;106,4;104,6;98,4;105,5;98,7;100,7;101,8;100,6;99,8;99,5;99,8;100,9;99,6;105,9;100,7;99,2;99,8;99,4;99,6;101,4;100,2;99,3;100,1;99,4;97,8;100,1;102,8;98,5;99,6;98,2;100,3;100,6;98,7;99,7;100;100,1;100,2;100,4;99;100,4;100,7;102,4;99,2;99,8;99,2;99,8;99,8;99,9;100,3;100;100,4;100,1;99,8;99,8;99,9;99,5;99,9;99,9;99,3;99,9;99,8;99,9;100;99,9;99,9;99,4;99,2;100;98,9;99,2;99,2;99,8;99,2;100;100;100;99,8;100;99,1;100,3;99,5;99,5;100,5;100,3;100,5;100,8;101,2;100,3;101,4;99,5;99,8;99,3;99,8;100;100;100;100;100,2;99,7;96,4;96,3;96,6;100,1;100;100;95,9;104;100;101,6;100;100;102,3;100,1;99,8;99,5;101;99,9;100;98,7;99,9;100;100;100;99,9;100;99,8;100,7;100;100;100;99,8;100,4;100;100,7;99,5;98,9;100;100;100;97,5;100;100;100
2021/12/31;100;100;100;100;100;100;100;100;100;100;100;100;100;100;100;100;100;100;100;100;100;100;100;100;100;100;100;100;100;100;100;100;100;100;100;100;100;100;100;100;100;100;100;100;100;100;100;100;100;100;100;100;100;100;100;100;100;100;100;100;100;100;100;100;100;100;100;100;100;100;100;100;100;100;100;100;100;100;100;100;100;100;100;100;100;100;100;100;100;100;100;100;100;100;100;100;100;100;100;100;100;100;100;100;100;100;100;100;100;100;100;100;100;100;100;100;100;100;100;100;100;100;100;100;100;100;100;100;100;100;100;100;100;100;100;100;100;100;100;100;100;100;100;100;100;100;100;100;100;100;100;100;100;100;100;100;100;100;100;100;100;100;100;100;100;100;100;100;100;100;100;100;100;100;100;100;100;100;100;100;100;100;100;100;100;100;100;100;100;100;100;100;100;100;100;100;100;100;100;100;100;100;100;100;100;100;100;100;100;100;100;100;100;100;100;100;100;100
2022/01/31;100,6;99,3;100,3;100,6;99,9;100,8;101;101,8;101,3;101,2;99,1;100;99,6;100;101,6;101;..;..;99,6;101,2;101,6;99,1;103,1;104,4;99,6;100,6;99,3;100,9;100,5;100,7;99,7;98,6;99,8;98,9;99,9;102;100,7;100,7;100,8;98,6;99,2;101,2;100;99,9;100,9;100,1;103;101,2;100,2;100,3;101,1;100,1;99;96,3;99,9;100,9;99,9;100,6;101,2;101,4;101;99,4;101,7;100;105,2;101,8;102,5;99,4;100,2;115,3;106,9;102,3;103,1;101,7;117,4;102,6;100,1;100,9;101,8;100,9;105,7;103,3;102,3;99,8;100,5;100,1;101,2;100,6;99,6;102,8;101,1;100,3;99,4;100,2;100,7;100;100,1;100,2;100,2;99,8;100,6;103,3;98,6;99,8;100;100,8;101,1;99,6;100,8;100;100,4;101;100,8;100,2;102,7;100;99,4;99,9;100,4;101,3;100,1;99,8;99,1;102;99,5;99,9;100,4;100,5;99,7;100,3;100,3;100,1;99,8;100,5;100,2;100,2;100,2;100,1;100,1;100;100;100;100;100;100;100;100;100;101;100;100;100;100;101,3;100,8;100,2;101,4;101,5;101,9;101;100,4;100,9;101,6;101,4;101,2;101,7;100;100,2;100;100;100;100,7;101,3;101;97,2;96,5;98,8;100,8;100,3;100;97,9;88,7;100,5;97,2;100;98,8;101,1;99,5;98,4;100,7;100,3;101,5;101,4;100,5;101,4;100;100;100;98,3;103;93,5;104,1;100;100;100;100,9;101,9;100,9;98,2;100,5;99,6;100;99,2;100;100;105,3;102,4;100
2022/02/28;100,9;102,5;102,8;101,9;100,9;101;101,6;104,2;104,2;105,3;101,4;101,5;99,7;104,7;104,4;102,5;..;..;102,5;106;101,2;98,1;102,2;102,5;98,5;100,4;98,8;100,9;101,3;103,4;99,3;100,4;100,7;98,8;101,5;101,8;101,6;100,5;102,2;100,7;99,4;104,1;100,4;99;100,8;99,8;105;103,1;101,8;99,6;101,2;100;98,7;98,8;99;101;100,7;99,5;103,6;101,3;100,5;101;102,1;101,4;106,8;99,7;105,2;103;101,3;120,4;111,4;102,5;110,7;108,4;120,6;100,5;95;102,9;108,1;101,7;100,4;102,8;101,8;101,3;102,1;100,7;103,3;102,8;97,1;102,7;102,2;101,2;100,3;99,1;100,2;100,2;100,9;100,9;100,4;99;102,8;101,4;99;100,6;100,2;100,3;101,1;101,3;102,6;103;100,2;102,5;100,7;106,3;105,2;101,5;97,7;105,3;100,5;102,1;101,3;100,4;101,8;101,8;99,9;100,3;100,7;101,2;99,7;100,6;100,6;101,7;99,7;100,9;100,3;100,3;100,3;100,2;100,6;100,2;100;100;100;100;100;100;100;100;101,6;100;100;100,2;100;103,3;100;100,5;101,2;100,9;102,2;101,3;101,6;99,7;100,8;100,8;102,5;101,6;100;100,6;105,1;104,7;103,3;101,3;102,6;102,1;100;99,2;102,2;100,9;100,4;100;100;95,2;100,5;96,3;100;98,1;102,9;99,1;98,3;98,4;99,6;103,3;101,1;100,7;101,5;100;100;100;98,8;103;96;102,9;100;100;100;101,4;103,1;100,8;97,6;100,4;98,8;100;99,2;101,8;100;105,3;102,4;100
2022/03/31;101,6;103,6;104;104,7;103,6;102;101,4;105,9;105,3;107,7;102,8;102,3;100,8;106,5;108,6;104,7;..;..;101,9;108,9;100,8;99,5;103,8;102,9;98,5;100,1;100,9;101,6;102,4;104,3;100,9;101;101,2;99,5;100,9;102,3;101,2;103,9;101,4;99,7;101,7;105,2;100,7;100,3;100,5;100,1;105,6;106;102,5;100,6;101,7;100;99,5;100,5;99,7;101,1;101,6;99,7;102,8;101,9;101,5;101,7;104,4;100,7;106,1;99,4;103,5;101;103,3;119,6;112,6;108,1;114;112,5;113,2;100,8;98,3;102,9;109,8;101;102,8;109,2;101,6;100,8;104,5;101;104;104,4;96;99,7;103,7;103,4;102,1;100,9;102,3;102,8;100,8;102,7;100,6;97,8;104,2;103,4;98,7;104;100,4;100,6;100,7;100,9;102,7;104,9;101,5;102,6;100,3;108,2;104,5;102,8;99,1;106;100,6;102,4;101,1;101;103,4;100,5;102,2;103,3;101,9;105,4;101,2;101,8;101,7;103,8;102,2;101,4;100,5;100,6;100,6;100,2;101;100,2;100,6;100,6;100,8;99,9;100,6;100,6;100,6;100,5;102,7;100;100;100,3;100;105,9;100,8;100,8;101,4;101,7;102,3;101,2;101,2;101,5;100,5;100,1;103;102,9;100,3;101,7;105,1;104,7;103,3;101,3;103,9;103,2;107,2;106,5;109;100,9;101,5;100;103,1;102,2;100,5;95,6;100;97,1;105,7;98,4;99,8;99;99,6;106;100,9;102,3;101,7;99;100;100;95,3;103,7;97,8;104;104,3;104,7;104,2;101,8;105,5;102,1;98;101,5;97,8;105,8;99,2;101,8;101,3;105,3;102,9;100
2022/04/30;100,1;104,6;104,3;106,5;104,6;103,4;101,3;106,1;106,7;106,2;104,4;102,4;99,8;105,5;108,9;104,9;..;..;102,3;108,1;103;99,8;104,6;105,8;98;100,4;99,9;101,8;103,8;105,7;100,7;102;102,3;98,6;101,5;103,1;102,7;105,1;101,2;100,5;102,7;104,9;101,6;101,6;101,4;102,2;107,2;107,9;100,4;102,4;102,1;100;99,3;101,5;100,1;101;101,1;100,7;102,8;102,6;102;103,2;104,5;101,9;115,2;100,9;102,3;97,9;103,4;118,3;113,3;108,8;116,4;113,3;108,3;98,1;99,3;102,1;109,9;101,1;110,2;117,9;101,9;100,8;105,3;100,5;104,8;106,7;97,1;96,7;102,8;104;102,7;101,6;104;103,1;101,5;103,5;101;99,8;103,5;104,1;98,8;105,4;98,2;100,5;101;101,9;104,7;105,5;101,6;101,4;100,7;110,5;107;103,4;98,9;107,2;100,7;102,8;101,3;101,3;103,9;100,7;103,6;104,7;102,6;106;101,7;101,9;102,1;104,1;103,3;105,6;100,9;100,6;100,7;100,5;101,1;100,4;100,6;100,6;100,8;99,9;100,6;100,6;100,6;100,5;103,5;100;100;100,3;100;106,5;101,2;100,8;103,6;102,5;102,7;101;101,4;101,2;100,7;101,1;103,7;104,6;100,3;102,4;105,1;104,7;103,3;102,5;105,2;104,5;109,6;108,1;113,7;106;101,6;100;101,7;105,2;101,6;94,9;100;97;105,5;98,4;99,4;100,6;99,7;106,5;101,5;103,9;96,9;99;101,4;100;99,3;103,7;100;101,3;104,3;104,7;104,2;102,1;105,7;103,3;98,8;101,5;98,7;105,8;99,2;103,4;101,3;105,3;102,9;100,6
2022/05/31;100,3;108,5;107,8;106,4;105,7;105,4;102,3;107,2;106,4;109,3;106,2;104,6;106,3;110;113;107;..;..;104,9;111,3;105;100,2;108,7;109,1;99,5;102,5;100;103,9;105,9;106,8;102;103,1;101;100,3;102,7;104,6;103,5;107;102;102,5;103,3;106,2;103,9;104,5;102,7;104,8;110,5;111,1;103,8;102,8;103;103,1;101,4;104,2;100,8;102;103,1;101,4;104,4;103,5;102,6;106,6;107,2;100,3;133,7;102,3;99,1;95,9;103,3;119,5;117,8;108,2;113,5;108,8;114;95;104,1;103,2;118,3;102,9;111,9;120,5;102,1;101,1;106,1;101,1;106;107,6;98,9;93,8;104,4;104,6;103,1;103,1;104,5;104;101,5;102,8;101,3;103,2;104,8;105,9;101,3;109,6;100,5;102;100,7;101,7;104,3;105,6;102,9;102,4;103,4;113,3;111,9;103,1;99,4;107,2;101,8;103,2;101;102,3;106,4;102,8;104,3;106;103,9;107,8;102,5;102,1;103,2;104,7;104,1;106,1;101,1;100,9;100,8;100,7;101,3;100,6;100,6;100,6;100,8;99,9;100,6;100,6;100,6;100,5;104;100,5;100;100,7;100;114,5;100,5;101,4;105,1;105,2;105,1;103,4;101,8;102,5;103,7;101,3;105,1;109,9;100,3;103,2;105,1;104,7;103,4;103;106,6;106,8;111,7;107,3;122,9;106,5;101,6;100;100,5;104,5;101,7;96,6;100,2;96;104;97,2;99,7;100,5;99,8;107,8;102,3;105,2;97;99;101,4;100;99;104,1;102,9;103,9;104,3;104,7;104,2;103;105,4;105,1;96,6;101,8;97,6;105,8;99,2;103,4;101,3;105,3;102,9;100,6
2022/06/30;102,4;110;111,2;106,7;105,6;104,1;103,7;108,3;109,6;112,2;109,4;105,6;106;114,7;113,3;107,1;..;..;106,6;111,7;105,8;103,4;110,5;108,5;99,3;105;103,2;103,6;106,9;108,5;103,4;104;103,8;103,7;102,2;104,6;102,3;103,9;102,4;101,9;104,2;108,2;105,4;105,5;106,6;106,2;110,4;113,6;100,6;104;103,2;103,4;102,9;104,2;101,1;102,7;103,1;106,6;104,5;103,8;105,2;108,2;107,9;100,8;145,6;94,7;98,4;89,7;103,4;117,6;118,2;112;108,9;101,2;109,3;97,1;101,7;103,7;128,1;104,5;111,8;116,8;106,6;104,9;106,4;102,1;115,7;108;98,3;92,4;105,3;105,7;104,8;102,8;106,7;104,1;104;112,5;103,2;108,6;105,5;104,2;100,6;108,3;101,5;105,4;100,6;100,6;106,8;105,6;104,9;104;105,1;114,3;112,9;102,7;100,2;108,9;104;101,9;102,2;105,3;108,4;101,3;105;108,1;103,7;107,1;102,7;102;103;104,5;104,2;105,6;102,1;101;101;100,8;101,4;100,7;101,4;101,6;101,4;100,7;101,6;101,6;101,6;101,3;104,6;100,5;100;100,6;100;119,6;102,3;101,5;107,1;104,5;103,1;104,5;102,2;104,2;104,3;103,3;105,2;111,9;101,6;104;105,1;104,7;103,4;103;108;108,5;122,2;119,4;129,5;107,1;101,8;102,7;104,4;111,9;101,7;101,7;100,2;95,4;105,5;98,1;99,8;102,3;100;108,1;103,4;105,1;97,2;99;101,4;100;96,4;105,7;106,6;104;104,3;104,7;104,2;104,3;103,8;105,7;96,8;101,9;97,7;105,8;99,2;103,4;102,5;105,3;102,9;100,6
2022/07/31;99,2;113,1;113,3;107,2;104,6;106,2;106,3;111,1;115,1;116;114,3;107,1;110;121,9;116,2;109,4;..;..;106;113,2;106,1;102,9;113,1;107,9;99,2;104,9;104,2;105,3;107,6;108,6;103,4;105,6;104,1;102,5;108,2;104,8;104,3;107,5;103,5;104,5;104,6;110,8;106,1;105,6;107,6;104,9;112,3;112,1;106,5;103,5;102,4;103;103,6;106,2;102,8;104,2;102,8;106,7;107,2;106,8;107,6;110,1;108;103,4;151,7;91,6;100,7;88,2;103,8;121,1;120,9;114,6;111;110,1;107,7;96,8;107,2;104,8;133,4;108,9;113;131,3;108,2;106,8;112,6;101,8;112,8;110,6;98,8;91,3;103,9;106;105,8;103,1;105;106,1;105,3;113,2;104,7;113,3;106;109,4;103,9;111,7;101,7;99,1;101,7;104,8;105;108,9;105,2;106;105,9;114,3;113,3;103,7;97,5;106,2;104,1;102,9;102,9;105,4;108,8;101,6;104,8;109,7;103,8;110,7;101,9;102,6;103,2;103,5;104,2;105,8;102,9;101,2;101,3;100,8;101,8;100,8;101,4;101,6;101,4;100,7;101,6;101,6;101,6;101,3;105,4;100,5;108,1;103,5;107,5;124,9;100,7;99,8;108,1;104,6;103,9;102,7;101,8;105,3;103,7;103,7;105,9;119,9;101,6;102,9;105,1;104,7;103,4;103,8;109,4;107,7;133,7;131,7;138,7;107,4;103;102,7;112;114,1;101,7;96,6;100,2;95,3;106,9;96,1;98,5;103,1;98,3;108,5;103,9;106,6;97,4;101;106,8;100;93,3;108;107,7;105,1;104,3;104,7;104,2;104,7;104,4;106,2;96,7;101,6;97,5;105,8;100,9;103,4;102,5;107,1;103,2;101,2
2022/08/31;102,5;115,1;115,8;108,3;107,8;106,9;110,1;113,8;116,7;119,9;117,1;108,3;114,8;126,7;119,7;114,3;..;..;111,9;116,4;106,9;105,5;114,1;107,8;99,3;107,6;106,8;106,1;107,6;108,3;98,9;106,9;104,6;103,5;108,6;106,2;103,8;113,4;104;104,2;107,7;111,5;108,9;106,9;110,7;106,9;111,8;114,3;108;105,2;105,2;106,2;105,9;109,1;104,5;105,4;104,5;109,2;107,5;108,5;109,1;116,6;111,4;103,6;150,6;89,7;103,8;88,9;103,7;116,6;117,3;112,1;106,4;100,8;118,5;102,2;109,8;106,1;139,8;111,5;109,1;141,2;108,6;107,5;117,2;107,7;115,5;116,6;99,6;92;105,4;107,3;106,2;103,8;107;108,9;108,6;113,7;104,3;118;106,7;109,2;105,8;112,7;102,5;99,7;101,7;106,6;109,2;113,2;108,2;109,7;107,5;118,8;114,1;105,2;104,9;108,9;107,1;104,3;103,5;107;113,3;100,8;104,2;110,9;103,8;109,9;103;105,2;103,9;103,8;104,2;106,8;103,5;101,3;101,9;101;102,2;102,4;101,4;101,6;101,4;100,7;101,6;101,6;101,6;101,3;105,5;100,5;108,1;103,8;107,9;129,9;100,5;102;103,2;108;102,9;103,2;102,3;107,7;104,1;102,6;106,3;122,7;101,6;103,1;105,1;104,7;103,2;103,8;110,9;108,3;128,6;125,1;137,4;107,8;103;102,7;114,9;120;101,7;97;100,4;92,2;105,4;96,6;99,1;103,5;98,6;108;109,2;109,5;97,4;100,1;106,8;100;89,8;108,3;109,2;104,5;104,3;104,7;104,2;105,4;102;107,4;96,9;102,1;97,2;105,8;100,9;103,4;102,5;107,1;103,2;101,2
2022/09/30;106,3;117,6;118,4;112,2;110,9;107,7;114,9;115,5;117,4;120,9;117,1;108,5;119,1;129,3;123,6;115;..;..;112,3;116,1;108,7;105,8;114,2;107,3;101,2;106,9;106,6;105,5;108,3;108,5;104,7;103,8;105,4;103,8;108,4;108,2;106,8;118;102,7;105;107,8;111,3;109,8;108,4;109,4;108,7;111,3;116,3;108,1;106,4;106,7;107,3;106,7;111,7;107,3;106,1;105,8;110,8;100,7;110,4;108,8;111;112,4;101,7;138,6;88,1;104,2;89,5;105,1;114,1;118,5;110,9;104,4;98,9;120;106,8;114,3;106,8;122,5;122,5;110,5;134,3;108,4;106,3;117,1;109,9;116,4;117,9;98;90,4;105,2;109,2;109;106,1;106,5;109,6;111,2;112,8;106,5;117,7;108,5;109,8;109,1;115,6;99,8;101;105,7;107;109,8;115,2;108,7;110,7;108,5;120,2;117,2;102,9;103,7;112,4;107,7;104,5;102,9;109,1;110,6;101,7;104,1;109,2;102,6;111,1;103,3;105,6;105,9;105,8;104,4;106,9;103,7;101,7;102,3;101,3;102,3;102,8;102,2;102,5;101,8;101,4;102,4;102,5;101,7;102;107,7;100,5;108,1;103,8;107,9;132;100,5;101,6;102,5;107;104,3;101,8;103,9;107,5;104,9;103,3;105,9;123,3;103,1;102,6;105,1;104,7;103,2;103,8;112,3;109,9;120,4;114,9;134,6;108,3;103,6;102,7;116;120,1;101,7;95,1;100,3;91,8;97,9;94,3;99,1;104;99,9;110,2;109,5;110;97,4;100,1;106,8;100;92;108,3;110,4;106,7;104,3;104,7;104,2;105,4;108,1;109,9;99,6;104,3;97,6;105,8;100,9;103,5;102,4;107,1;103,2;101,2
2022/10/31;107,1;116,8;118,6;118,4;116,8;109,4;116;115,2;121;121,3;117,4;108,1;117,3;129,3;125,4;115;..;..;112,4;116;109,9;106,9;117;108,6;101,9;106,7;107,8;107,3;109;109,7;105;106;106,5;104,6;109,3;109,7;108,7;119;105,5;107;109,5;111,4;111,8;112,2;110;109,2;111,6;112,5;109,7;107,3;108,5;108,6;107,7;112,4;109,5;108,7;107,8;110,8;100,9;110;109,8;115,7;108,5;105,6;134;91,4;105,2;95,7;105;114;116,1;110,2;106,2;96,9;111,9;107,7;120,8;110,2;117;135,4;113;123,9;111,1;105,8;117,3;109,5;117,9;118,5;95,7;91,2;106,1;109,7;109,4;106,7;109,1;108,9;113,6;115,5;106,7;120,6;110,5;113;110,6;119,5;107,3;102,7;107,1;107,6;110,3;116,2;104;110,6;109,6;122,7;118,5;106,4;103,7;115;108,1;104,9;102,9;109,5;111,2;102,4;104,9;110,1;103,2;111,6;103,8;106,2;106,4;106,4;104,7;107,3;104;102;102,4;101,5;102,4;102,9;102,2;102,5;101,8;101,4;102,4;102,5;101,7;102;108,4;100,5;108,1;103,8;107,9;131,8;101,1;104,1;99,2;108,4;105,4;102,5;105,6;107,8;106,1;104,1;105,3;125,8;103,1;103,8;105,1;104,7;103,2;105,1;113,9;110,9;117,1;110,2;134,8;108,4;103,6;102,7;115,7;133,7;101,7;93,9;100,3;90,9;99,7;96,3;100,5;105,1;99;110,7;110,7;110;97,4;100,1;106,8;100;90,8;108,3;110,6;108,3;104,3;104,7;104,2;106,3;109,9;111,4;98,9;105,6;97,9;105,8;100,9;104,8;102,4;107,1;103,2;101,2
2022/11/30;106,4;117,2;118,7;118;117,9;116;112,9;115,4;121,8;121,6;114,6;109,6;119,2;129,4;127,4;117,1;..;..;114,6;115,1;110,3;106,9;118;109;103,8;107;109;107,8;109,4;109,1;105,1;109,4;109,7;105,4;116,3;110,4;110,2;120,1;106,7;106,1;111;112;112,4;114,9;111,2;107,9;110,4;117,7;112,3;107,8;108,6;109,1;107,9;111,4;111,8;107,2;107,3;108;103;111,3;108;119,6;113,3;102,1;130,2;95,3;107,1;97,2;105,2;110,9;114,9;111,8;115,1;106,9;111,6;106,7;119,3;113,6;117,2;141,4;117,4;103,5;111,4;106,3;118;109,1;119,1;119,2;96,4;95,3;113,4;110,7;109,5;105,4;107,3;111,8;114;115,3;111,6;121,9;114,2;113,2;110,4;119,1;107,1;103,4;107,1;108,3;110,7;116,4;109,2;111,6;113,3;122,1;125,3;106,3;104,2;115,4;109,2;104,9;103;109;114,5;103,8;104,4;109,8;104,3;111;103,3;105,7;107,1;106,9;105,2;107,4;103,9;101,5;102,6;101,6;102,5;103,1;102,2;102,5;101,8;101,4;102,4;102,5;101,7;102;108,7;101,4;108,1;103,9;107,9;132;101,4;104,6;100,1;106,9;105,2;103,5;105,8;107,9;107,1;106,2;105,6;126,8;103,1;104,2;105,1;104,7;103,2;105,5;115,4;112,4;120,8;112,7;141,8;108,4;103,6;102,7;115,8;126,6;101,7;95,5;99,5;89,8;105;97;99,5;107;96,5;111,4;111,1;111;97,6;101;106,8;100;91,1;108,3;111,3;109,5;104,3;104,7;104,2;106,8;110,5;111,8;97;105,1;97,9;105,8;100,9;104,8;102,4;107,1;103,2;101,2
2022/12/31;107,8;117;118,7;118,1;116,9;118,3;113,8;116,9;121;120,6;115,8;109,6;118,4;129,9;131,2;117,5;..;..;115,5;115;111,7;107,9;119,2;108,6;105,7;107,8;111,1;107,6;110,3;108,5;99,7;112,7;109,7;106,9;117,9;111,4;112,1;119,5;105,8;107;110,7;113,1;111,9;110,7;111,1;108,2;107,2;116,7;113,5;108;106,4;108,7;108,8;110,2;111,9;104,5;107,8;110,3;102,7;113,1;108,2;118,8;113;103,8;129,2;97,3;110,9;98,5;104,1;122,7;118,6;112,9;119,2;113,9;111,5;103,8;112,5;114,4;115,1;147,6;116,6;104,6;111,6;106,2;117,9;110;118,3;119,3;99,2;98;113,8;111,3;109,5;106,9;107,1;112,5;112,8;115,4;111,4;121,6;114,5;112,5;111;118,1;108,8;103,5;107,3;108,7;110,3;116,5;109,3;111,4;115,3;122,9;126,3;106,6;103,8;115,3;109;105,9;103,1;109,8;114,4;103,3;104,3;109,1;102;109,5;103,9;105,1;106,9;106,8;105,2;107,4;104,1;101,9;102,8;101,6;102,3;103,1;102,5;102,9;102,1;101,8;102,8;102,8;102,1;102,4;108,5;101,4;108,1;104,1;107,9;132,5;101,2;103,4;109,4;108,3;105,3;103,8;104,9;107;105,7;105,9;105,8;127,2;104,2;104,4;105,1;104,7;103,2;105,9;116;111;122,8;115,7;141,2;108,5;103,8;102,7;116,7;121;101,7;93,9;99,5;89,1;100,2;98,5;99,2;107,6;96,1;114,9;111,5;110,8;97,6;105,8;106,8;100;93,9;108,3;111,9;116,3;104,3;104,7;104,2;107,5;108,3;112,3;95,2;104,7;97,8;105,8;100,9;104,8;106,6;107,1;103,2;101,2
2023/01/31;107,3;117,3;120,2;114,8;119,5;116,8;113,9;118,7;121,5;123,6;118,5;111,7;122,7;131,6;131,4;118;..;..;113,1;115,9;112,3;113,5;120,4;112,5;109;109,3;111,8;113,3;113,3;113;108,4;112,3;110,4;107,9;119,3;112,1;112,8;120,7;107,5;107,1;111,6;118,1;112,8;113,5;113,3;110,2;111,6;115,5;111,8;109,1;107,6;110,8;108;110;112,4;103,8;109;112,2;104,2;113,9;109,5;120,7;113,3;103,4;127,4;100,5;112,5;102,1;103,9;125,6;122;113,7;133,3;115,2;116;102,2;112,7;114,5;116,2;150;123,1;110,1;114,3;106,7;118,3;111,9;118,6;119,2;114,2;106,8;114,9;111,4;109,9;106,9;108,4;112,3;113,7;114,8;111,4;124,4;115,1;113,5;112,9;119,5;111,2;103,8;108;108,6;110,1;117,3;109,5;112,9;115,8;126,7;124,3;107;105,1;115,4;110,3;105,9;103;109,8;114,5;104,5;104,4;110,5;103,4;113,6;103,3;107;107;106,9;105,2;107,4;104,4;101,7;102,9;102,1;102,2;103,3;102,5;102,9;102,1;101,8;102,8;102,8;102,1;102,4;109,9;101,4;108,1;104,1;107,9;132,4;102;104,7;111,9;113,2;107,3;102,7;106,1;109,1;106,6;106,3;106,5;128;104,2;104,5;105,4;104,7;103,2;107,4;116,7;111,7;109,9;105,4;121,7;113,9;103,9;102,7;115,7;108,1;103,8;92,8;99,9;90,4;105,9;94,4;98,5;112,2;99,2;116,8;111,5;111,6;99,9;105,8;106,8;100;96,4;108,4;104,4;116;104,3;104,7;104,2;108,1;104,2;113,7;97,5;105,6;98,3;105,8;102,4;104,8;106,6;107,1;105,2;101,4
2023/02/28;109,2;118,5;120,6;115,2;124,3;120,7;121,6;119,8;126,8;125,1;120,1;111,2;121,8;132,2;132,7;119,2;..;..;116,6;119;111,9;112,6;119;111,6;108,5;108,8;112,4;113,8;114,1;114,9;109,1;113,8;111;107,6;119,7;112,4;115,3;124,2;107,5;110;114,2;119,8;114;113,2;115,6;108,8;113,3;117,6;114,6;110,7;109,9;115,2;111,2;114,8;113,8;103,8;110,3;114,3;105,5;112,7;110,9;121,3;115;102,8;126,7;100,1;112,8;105,2;103,3;131,1;122,4;122,3;135,4;118,4;127,6;103,1;113,8;114,8;122,8;146,4;122,3;109,6;118;106,8;122,7;115,1;118,4;120,4;111;106,8;115,2;114,4;111,3;107,1;108,6;112,8;114,3;118,5;111,4;125,9;115,8;113,1;115,7;119,7;111,7;104,1;106,6;110,9;115,2;125,8;109,7;116,1;118,3;125,7;123,8;108,4;102,2;117,2;111,7;109,4;106,2;110;119,1;104,2;105,3;110;103,4;113,2;103,8;109,3;108,5;107;105,4;107,5;105,6;102,3;103,2;102,3;102,5;103,6;102,5;102,9;102,1;101,8;102,8;102,8;102,1;102,4;110,9;101,4;108,1;104,4;107,9;132,9;103,1;103,1;111;110,1;107,3;107,3;105,8;109;106,8;104,7;108,5;128,1;104,2;105,1;110,9;110,3;108,8;107,6;117,4;113;110,9;106,8;121,6;114,5;103,9;102,7;115,9;113,4;103,7;97,7;99,9;90,6;106,7;91,9;97,9;112,6;99,1;118,6;111,3;111,5;100,3;105,9;106,8;100;92;108,4;110,3;113,8;104,3;104,7;104,2;108,5;109,4;115,2;95,7;107,5;97,8;105,8;102,4;109,4;106,6;107,1;105,2;101,4
